"Report","League ID","Day","Date","Source","Season","Division","Away/Guest @ Home/Host","Set Score","Legs Score","League Points","Start Time","End Time","Duration","DER","","Report Link","Event Link"
"Match Scores","ADDACL","Thu","4/30/2026","Scoring App","REG","Coed","Thrown Together @ No Bulls Hit","06 @ 02","05 @ 02","10 @ 03","22:2","0:4","67","100","","https://recap.dartconnect.com/history/report/match/69f40ac987a175f2e85f082f",""
"Match Scores","ADDACL","Thu","4/30/2026","Scoring App","REG","Coed","Chute Whale @ Stupid Triple 1","05 @ 03","04 @ 03","09 @ 04","19:31","21:35","107","100","","https://recap.dartconnect.com/history/report/match/69f3e93c87a175f2e85ec7d9",""
"Match Scores","ADDACL","Wed","4/29/2026","Scoring App","REG","Coed","Two Tossers @ No Bulls Hit","04 @ 04","04 @ 03","06 @ 07","20:5","21:1","65","100","","https://recap.dartconnect.com/history/report/match/69f29edf87a175f2e85d9acf",""
"Match Scores","ADDACL","Wed","4/29/2026","Scoring App","REG","Coed","Recovering Catholics @ Chute Whale","06 @ 02","05 @ 02","10 @ 03","19:18","21:25","97","100","","https://recap.dartconnect.com/history/report/match/69f29ee787a175f2e85d9aed",""
"Match Scores","ADDACL","Thu","4/23/2026","Scoring App","REG","Coed","Dart Divas @ Snake Nation","03 @ 05","03 @ 04","04 @ 09","20:11","22:16","91","100","","https://recap.dartconnect.com/history/report/match/69eab7bd87a175f2e856352d",""
"Match Scores","ADDACL","Thu","4/23/2026","Scoring App","REG","Coed","Basically Unknowable @ Thrown Together","03 @ 05","03 @ 04","04 @ 09","19:59","14:57","108","100","","https://recap.dartconnect.com/history/report/match/69eab40b87a175f2e8562cf2",""
"Match Scores","ADDACL","Thu","4/23/2026","Scoring App","REG","Coed","We've Already Won @ Recovering Catholics","01 @ 07","01 @ 06","01 @ 12","19:7","21:41","93","100","","https://recap.dartconnect.com/history/report/match/69eaaa9287a175f2e856199b",""
"Match Scores","ADDACL","Thu","4/16/2026","Scoring App","REG","Coed","ATLiens @ We've Already Won","07 @ 01","06 @ 01","11 @ 02","20:7","21:26","92","100","","https://recap.dartconnect.com/history/report/match/69e17cb4a6cefb288bc8a97c",""
"Match Scores","ADDACL","Wed","4/15/2026","Scoring App","REG","Coed","Two Tossers @ We've Already Won","06 @ 02","05 @ 02","09 @ 04","20:18","20:33","80","100","","https://recap.dartconnect.com/history/report/match/69e02f93d6da1c7ca64b5716",""
"Match Scores","ADDACL","Tue","4/14/2026","Scoring App","REG","Coed","Recovering Catholics @ Dart Divas","07 @ 01","06 @ 01","12 @ 01","20:33","22:57","112","100","","https://recap.dartconnect.com/history/report/match/69dedeedd6da1c7ca649d7f7",""
"Match Scores","ADDACL","Thu","4/9/2026","Scoring App","REG","Coed","Thrown Together @ Snake Nation","06 @ 02","05 @ 02","10 @ 03","20:14","7:3","79","100","","https://recap.dartconnect.com/history/report/match/69d84441d6da1c7ca64360c2",""
"Match Scores","ADDACL","Thu","4/9/2026","Scoring App","REG","Coed","Recovering Catholics @ No Bulls Hit","05 @ 03","04 @ 03","09 @ 04","20:8","21:34","62","100","","https://recap.dartconnect.com/history/report/match/69d840c3d6da1c7ca6435744",""
"Match Scores","ADDACL","Thu","4/9/2026","Scoring App","REG","Coed","Dart Divas @ Two Tossers","01 @ 07","01 @ 06","02 @ 11","20:7","21:40","73","100","","https://recap.dartconnect.com/history/report/match/69d84145d6da1c7ca6435879",""
"Match Scores","ADDACL","Tue","4/7/2026","Scoring App","REG","Coed","Chute Whale @ We've Already Won","04 @ 04","03 @ 04","07 @ 06","20:0","22:16","127","100","","https://recap.dartconnect.com/history/report/match/69d5a0eed6da1c7ca6406124",""
"Match Scores","ADDACL","Sun","4/5/2026","Scoring App","REG","Coed","Chute Whale @ ATLiens","01 @ 07","01 @ 06","01 @ 12","18:30","20:41","100","100","","https://recap.dartconnect.com/history/report/match/69d2e52fd6da1c7ca63dfe24",""
"Match Scores","ADDACL","Thu","4/2/2026","Scoring App","REG","Coed","We've Already Won @ Dart Divas","06 @ 01","06 @ 01","09 @ 04","20:25","22:19","143","100","","https://recap.dartconnect.com/history/report/match/69cf0cb5f3b13f270316911d",""
"Match Scores","ADDACL","Thu","4/2/2026","Scoring App","REG","Coed","Thrown Together @ Two Tossers","07 @ 01","07 @ 00","10 @ 03","19:59","21:32","58","100","","https://recap.dartconnect.com/history/report/match/69cf0479f3b13f27031679fd",""
"Match Scores","ADDACL","Thu","4/2/2026","Scoring App","REG","Coed","Basically Unknowable @ Recovering Catholics","02 @ 06","02 @ 05","03 @ 10","19:59","23:1","129","100","","https://recap.dartconnect.com/history/report/match/69cf042cf3b13f2703167925",""
"Match Scores","ADDACL","Tue","3/31/2026","Scoring App","REG","Coed","Stupid Triple 1 @ Basically Unknowable","02 @ 06","02 @ 05","03 @ 10","19:59","23:3","175","100","","https://recap.dartconnect.com/history/report/match/69cc6160f3b13f270313797b",""
"Match Scores","ADDACL","Thu","3/26/2026","Scoring App","REG","Coed","ATLiens @ Basically Unknowable","03 @ 05","03 @ 04","04 @ 09","20:18","22:10","86","100","","https://recap.dartconnect.com/history/report/match/69c5cf3034d25fbeabf1d37b",""
"Match Scores","ADDACL","Thu","3/26/2026","Scoring App","REG","Coed","Stupid Triple 1 @ Thrown Together","00 @ 08","00 @ 07","00 @ 13","20:14","22:0","114","100","","https://recap.dartconnect.com/history/report/match/69c5ce8334d25fbeabf1d1aa",""
"Match Scores","ADDACL","Thu","3/26/2026","Scoring App","REG","Coed","Dart Divas @ Chute Whale","02 @ 06","02 @ 05","03 @ 10","20:7","23:50","163","100","","https://recap.dartconnect.com/history/report/match/69c5cd5d34d25fbeabf1cea4",""
"Match Scores","ADDACL","Thu","3/26/2026","Scoring App","REG","Coed","We've Already Won @ Snake Nation","02 @ 06","02 @ 05","03 @ 10","19:56","22:0","88","100","","https://recap.dartconnect.com/history/report/match/69c5caeb34d25fbeabf1c88f",""
"Match Scores","ADDACL","Wed","3/25/2026","Scoring App","REG","Coed","Two Tossers @ Snake Nation","04 @ 04","03 @ 04","07 @ 06","20:0","21:51","65","100","","https://recap.dartconnect.com/history/report/match/69c47a5b34d25fbeabf06a41",""
"Match Scores","ADDACL","Sun","3/22/2026","Scoring App","REG","Coed","Thrown Together @ Chute Whale","08 @ 00","07 @ 00","13 @ 00","19:29","21:54","95","100","","https://recap.dartconnect.com/history/report/match/69c07db534d25fbeabec3cc6",""
"Match Scores","ADDACL","Thu","3/19/2026","Scoring App","REG","Coed","Stupid Triple 1 @ Two Tossers","00 @ 08","00 @ 07","00 @ 13","20:8","21:41","79","100","","https://recap.dartconnect.com/history/report/match/69bc925f34d25fbeabe7da34",""
"Match Scores","ADDACL","Thu","3/19/2026","Scoring App","REG","Coed","Basically Unknowable @ Dart Divas","05 @ 03","04 @ 03","09 @ 04","20:4","22:54","143","100","","https://recap.dartconnect.com/history/report/match/69bc924934d25fbeabe7da07",""
"Match Scores","ADDACL","Thu","3/19/2026","Scoring App","REG","Coed","Snake Nation @ ATLiens","07 @ 01","06 @ 01","12 @ 01","20:1","21:59","106","100","","https://recap.dartconnect.com/history/report/match/69bc91ef34d25fbeabe7d8ff",""
"Match Scores","ADDACL","Thu","3/19/2026","Scoring App","REG","Coed","Thrown Together @ Recovering Catholics","03 @ 05","03 @ 04","04 @ 09","19:59","21:40","69","100","","https://recap.dartconnect.com/history/report/match/69bc8efb34d25fbeabe7d10d",""
"Match Scores","ADDACL","Wed","3/18/2026","Scoring App","REG","Coed","Stupid Triple 1 @ We've Already Won","06 @ 02","05 @ 02","11 @ 02","20:26","23:13","142","100","","https://recap.dartconnect.com/history/report/match/69bb45d034d25fbeabe67bf1",""
"Match Scores","ADDACL","Thu","3/12/2026","Scoring App","REG","Coed","Snake Nation @ Chute Whale","05 @ 03","04 @ 03","09 @ 04","20:0","22:3","88","100","","https://recap.dartconnect.com/history/report/match/69b3558e3588693c30fbbb05",""
"Match Scores","ADDACL","Thu","3/12/2026","Scoring App","REG","Coed","Recovering Catholics @ Stupid Triple 1","07 @ 01","06 @ 01","12 @ 01","19:28","21:47","95","100","","https://recap.dartconnect.com/history/report/match/69b34e363588693c30fba646",""
"Match Scores","ADDACL","Wed","3/11/2026","Scoring App","REG","Coed","Dart Divas @ ATLiens","01 @ 08","01 @ 06","01 @ 12","20:17","22:50","126","100","","https://recap.dartconnect.com/history/report/match/69b20a8b85494a109febe4eb",""
"Match Scores","ADDACL","Tue","3/10/2026","Scoring App","REG","Coed","No Bulls Hit @ Stupid Triple 1","06 @ 02","05 @ 02","09 @ 04","20:50","21:18","84","100","","https://recap.dartconnect.com/history/report/match/69b0bed185494a109fea6339",""
"Match Scores","ADDACL","Sun","3/8/2026","Scoring App","REG","Coed","ATLiens @ Thrown Together","02 @ 06","02 @ 05","02 @ 11","19:17","21:36","111","100","","https://recap.dartconnect.com/history/report/match/69ae07acd8e5cc8dab253a97",""
"Match Scores","ADDACL","Sat","3/7/2026","Scoring App","REG","Coed","Stupid Triple 1 @ ATLiens","01 @ 07","01 @ 06","02 @ 11","16:2","18:0","87","100","","https://recap.dartconnect.com/history/report/match/69ac9481843039e10af22bcc",""
"Match Scores","ADDACL","Thu","3/5/2026","Scoring App","REG","Coed","No Bulls Hit @ We've Already Won","07 @ 01","06 @ 01","12 @ 01","20:24","23:1","82","100","","https://recap.dartconnect.com/history/report/match/69aa2d6c843039e10aef69db",""
"Match Scores","ADDACL","Thu","3/5/2026","Scoring App","REG","Coed","Basically Unknowable @ Snake Nation","03 @ 05","03 @ 04","04 @ 09","20:4","22:18","92","100","","https://recap.dartconnect.com/history/report/match/69aa2aa3843039e10aef61de",""
"Match Scores","ADDACL","Thu","3/5/2026","Scoring App","REG","Coed","Recovering Catholics @ Two Tossers","05 @ 03","05 @ 02","07 @ 06","19:54","21:29","71","100","","https://recap.dartconnect.com/history/report/match/69aa26ce843039e10aef5602",""
"Match Scores","ADDACL","Thu","3/5/2026","League Portal","REG","Coed","Thrown Together @ Dart Divas","","","00 @ 07","","","","","","",""
"Match Scores","ADDACL","Wed","3/4/2026","Scoring App","REG","Coed","No Bulls Hit @ ATLiens","03 @ 05","02 @ 05","06 @ 07","20:11","21:54","76","100","","https://recap.dartconnect.com/history/report/match/69a8da42843039e10aede949",""
"Match Scores","ADDACL","Tue","3/3/2026","Scoring App","REG","Coed","Basically Unknowable @ Chute Whale","05 @ 03","04 @ 03","09 @ 04","20:5","22:58","145","100","","https://recap.dartconnect.com/history/report/match/69a7881ba1b2742fc77fb62c",""
"Match Scores","ADDACL","Thu","2/26/2026","Scoring App","REG","Coed","Snake Nation @ No Bulls Hit","04 @ 04","04 @ 03","06 @ 07","20:17","21:47","66","100","","https://recap.dartconnect.com/history/report/match/69a0f2a2ffcf6e8205dd2fd2",""
"Match Scores","ADDACL","Thu","2/26/2026","Scoring App","REG","Coed","ATLiens @ Recovering Catholics","02 @ 06","02 @ 05","03 @ 10","20:15","22:15","92","100","","https://recap.dartconnect.com/history/report/match/69a0f1e0ffcf6e8205dd2d79",""
"Match Scores","ADDACL","Thu","2/26/2026","Scoring App","REG","Coed","Dart Divas @ Stupid Triple 1","02 @ 06","02 @ 05","03 @ 10","20:7","23:10","162","100","","https://recap.dartconnect.com/history/report/match/69a0f235ffcf6e8205dd2e73",""
"Match Scores","ADDACL","Thu","2/26/2026","Scoring App","REG","Coed","Two Tossers @ Chute Whale","08 @ 00","07 @ 00","13 @ 00","20:4","21:51","79","100","","https://recap.dartconnect.com/history/report/match/69a0ef0cffcf6e8205dd2501",""
"Match Scores","ADDACL","Thu","2/26/2026","Scoring App","REG","Coed","We've Already Won @ Basically Unknowable","06 @ 02","05 @ 02","10 @ 03","19:43","22:42","153","100","","https://recap.dartconnect.com/history/report/match/69a0ec0effcf6e8205dd1c2c",""
"Match Scores","ADDACL","Thu","2/19/2026","Scoring App","REG","Coed","Dart Divas @ No Bulls Hit","01 @ 07","00 @ 07","03 @ 10","20:6","21:53","125","100","","https://recap.dartconnect.com/history/report/match/6997b676ffcf6e8205d33623",""
"Match Scores","ADDACL","Thu","2/19/2026","Scoring App","REG","Coed","ATLiens @ Two Tossers","02 @ 06","02 @ 05","02 @ 11","19:15","20:56","66","100","","https://recap.dartconnect.com/history/report/match/6997a955ffcf6e8205d312ea",""
"Match Scores","ADDACL","Thu","2/12/2026","Scoring App","REG","Coed","We've Already Won @ Thrown Together","02 @ 06","01 @ 06","04 @ 09","20:35","22:32","75","100","","https://recap.dartconnect.com/history/report/match/698e816e51840e00db1548c7",""
"Match Scores","ADDACL","Thu","2/12/2026","Scoring App","REG","Coed","Two Tossers @ Basically Unknowable","07 @ 01","06 @ 01","12 @ 01","20:21","21:53","81","100","","https://recap.dartconnect.com/history/report/match/698e7eb351840e00db15411a",""
"Match Scores","ADDACL","Thu","2/12/2026","Scoring App","REG","Coed","Snake Nation @ Stupid Triple 1","07 @ 01","06 @ 01","12 @ 01","20:4","22:39","128","100","","https://recap.dartconnect.com/history/report/match/698e7c7251840e00db153afc",""
"Match Scores","ADDACL","Thu","2/12/2026","Scoring App","REG","Coed","Chute Whale @ No Bulls Hit","03 @ 05","03 @ 04","04 @ 09","20:2","21:44","76","100","","https://recap.dartconnect.com/history/report/match/698e7ac851840e00db153627",""
"Match Scores","ADDACL","Thu","2/5/2026","Scoring App","REG","Coed","No Bulls Hit @ Basically Unknowable","06 @ 02","05 @ 02","11 @ 02","20:13","22:24","98","100","","https://recap.dartconnect.com/history/report/match/6985423deb0d90728e2c96a3",""
"Match Scores","ADDACL","Thu","2/5/2026","Scoring App","REG","Coed","Recovering Catholics @ Snake Nation","06 @ 02","05 @ 02","11 @ 02","20:9","23:3","78","100","","https://recap.dartconnect.com/history/report/match/698540daeb0d90728e2c9259",""
