"ID","First Name","Last Name","Division","Team","Captain","Venue","Gender","Position"
"421820","Nickie","Adams","Coed","ATLiens","Captain","The Independent","F",""
"421821","James","Hutchins","Coed","ATLiens","Co-Captain","The Independent","M",""
"421818","Charlie","Cates","Coed","Basically Unknowable","Captain","Pool Turtle","M",""
"513453","Amariah","Love","Coed","Basically Unknowable","Co-Captain","Pool Turtle","",""
"421824","Julie","Moricle","Coed","Chute Whale","Co-Captain","The Independent","F",""
"421825","Wade","Moricle","Coed","Chute Whale","Captain","The Independent","M",""
"516628","Alanna","Roszina","Coed","Dart Divas","Captain","Manny's Grant Park","F",""
"516629","Ryan","Whitmire","Coed","Dart Divas","","Manny's Grant Park","M",""
"421817","Sara","Haskew","Coed","No Bulls Hit","Captain","Manny's Grant Park","F",""
"421816","Bretton","McIlrath","Coed","No Bulls Hit","Co-Captain","Manny's Grant Park","M",""
"422449","Gus","Glaw","Coed","Recovering Catholics","Captain","Yacht Club","M",""
"422452","Peggy","Vazquez","Coed","Recovering Catholics","Co-Captain","Yacht Club","F",""
"421810","Brent","Harris","Coed","Snake Nation","Co-Captain","The Whelan","M",""
"421809","Amelia","Hill","Coed","Snake Nation","Captain","The Whelan","F",""
"450931","Deidre","Harrison","Coed","Stupid Triple 1","Captain","Twain's Brewpub & Billiards","F",""
"450933","Dave","Lea","Coed","Stupid Triple 1","","Twain's Brewpub & Billiards","M",""
"450941","A.C.","Flynn","Coed","Thrown Together","","Yacht Club","F",""
"450939","Doug","Holloway","Coed","Thrown Together","Captain","Yacht Club","M",""
"510002","Gareth","Buckley","Coed","Two Tossers","Co-Captain","Manny's Grant Park","M",""
"421812","Heather","Koth","Coed","Two Tossers","Captain","Manny's Grant Park","F",""
"422454","Brook","Caballero","Coed","We've Already Won","Captain","Yacht Club","F",""
"422453","Donald","Kjorlien","Coed","We've Already Won","","Yacht Club","M",""
