"Last","First","Team","Division","Matches","Legs","LWon","Legs Win","LWD","LWD Wins","WD%","LAD","LAD Wins","AD%","Darts Thrown","Points Scored","3DA","First 9","HTurn","HSI","HDIT","HDI","HDO","100+","140+","180","Ton Points","T95_113","T14_32","T33_51","T52_70","T71_80","T00_19","T20_39","T40_59","T60_79","Avg Fin","CO Darts","CO Opp","CO Turn %","Tracked Legs","CO Att","CO %","O-3DA"
"Adams","Shayne","We're Sexy and We Throw It","A","5","23","10","43.48","10","6","60.00","13","4","30.77","499","7536","45.31","51.021304","121","106","72","72","96","9","0","0","948","12","2","0","0","0","7","2","0","0","39.4","10","59","16.95","0","","","47.30"
"Ahmad","Sabah","Yacht Dawgs","B","8","24","11","45.83","15","8","53.33","9","3","33.33","491","6694","40.90","42.29125","140","86","21","16","96","5","2","0","580","6","0","2","0","0","3","0","2","0","45","6","62","9.68","0","","","39.02"
"Albert","Duncan","Dirty Darters","B","8","22","10","45.45","7","4","57.14","15","6","40.00","386","5661","44.00","51.562727","140","120","40","40","40","7","1","0","790","7","2","1","0","0","5","1","1","0","23.1667","6","40","15.00","0","","","47.02"
"Allred","Conner","The Drunken Phoenix","B","5","8","4","50.00","5","3","60.00","3","1","33.33","196","2315","35.43","39.31125","140","42","58","58","39","2","1","0","260","0","1","1","0","0","0","1","1","0","25.6667","3","26","11.54","1","20","5.00","37.17"
"Amedeo","Paul","Inner Voice","B","6","11","6","54.55","4","2","50.00","7","4","57.14","188","2764","44.11","49.878182","140","61","52","52","24","6","1","0","695","4","1","2","0","0","3","2","1","0","13.5","4","23","17.39","0","","","41.24"
"Andre","Myles","Dart Bags","C","9","26","12","46.15","10","5","50.00","16","7","43.75","647","6929","32.13","36.833077","95","76","36","36","36","0","0","0","0","1","0","0","0","0","0","0","0","0","14.6667","6","93","6.45","0","","","34.78"
"Bailey","Matt","Darty Birds","C","8","18","11","61.11","6","1","16.67","12","10","83.33","338","5080","45.09","54.185","130","95","45","45","60","5","0","0","551","8","2","0","0","0","3","2","0","0","35.25","4","43","9.30","0","","","38.29"
"Bauer","Spencer","USS Big Hard","D","9","19","8","42.11","12","4","33.33","7","4","57.14","627","5883","28.15","33.596316","121","111","12","12","48","3","0","0","347","4","2","0","0","0","2","1","0","0","15.1429","7","97","7.22","0","","","31.34"
"Beckham","Eliot","MBT20","C","1","1","1","100.00","0","0","","1","1","100.00","42","501","35.79","35","80","60","","","4","0","0","0","0","0","0","0","0","0","0","0","0","0","4","1","7","14.29","0","","","34.07"
"Bekiares","Jeff","Yacht Dawgs","B","8","24","16","66.67","10","8","80.00","14","8","57.14","523","6757","38.76","46.94375","133","79","42","42","56","4","0","0","480","5","2","1","0","0","2","2","0","0","22.8","10","83","12.05","1","2","50.00","37.10"
"Benkeser","Dave","Darty Birds","C","9","24","15","62.50","11","6","54.55","13","9","69.23","507","6949","41.12","47.1525","120","75","80","80","30","7","0","0","754","8","3","0","0","0","6","1","0","0","15.75","8","66","12.12","0","","","38.00"
"Bernhard","Connor","Dirty Darters","B","7","20","11","55.00","13","7","53.85","7","4","57.14","393","5495","41.95","45.916","100","97","92","92","76","4","0","0","400","7","0","0","0","0","4","0","0","0","36.4","5","55","9.09","0","","","42.92"
"Blackman","Derrick","Dart Bags","C","9","25","13","52.00","10","6","60.00","15","7","46.67","592","6765","34.28","37.7464","115","60","90","67","52","1","0","0","115","1","1","0","0","0","1","0","0","0","20.5455","11","72","15.28","0","","","36.23"
"Boley","Jason","UFO's","C","6","12","2","16.67","8","1","12.50","4","1","25.00","297","4020","40.61","44.389167","123","117","","","32","6","0","0","640","5","2","0","0","0","5","1","0","0","20.5","2","30","6.67","0","","","41.83"
"Bronstein","Neil","Menace II Sobriety","A","5","24","12","50.00","15","8","53.33","9","4","44.44","518","8500","49.23","53.31375","140","134","41","41","94","12","2","0","1426","11","2","5","0","0","5","5","2","0","46.8889","9","60","15.00","0","","","46.75"
"Buckley","Buck","Brewhouse Bull Masters","A","8","37","13","35.14","17","5","29.41","20","8","40.00","729","12508","51.47","53.648649","140","100","73","73","51","20","2","0","2135","19","1","3","0","0","16","2","2","0","30.8","10","73","13.70","0","","","49.59"
"Burns","Johnny","Needledicks","D","2","6","5","83.33","2","2","100.00","4","3","75.00","111","1581","42.73","43.443333","105","82","","","24","5","0","0","505","5","0","0","0","0","5","0","0","0","16","2","14","14.29","0","","","37.93"
"Burns","Jumpy","Gatitos de la Muerte","D","6","15","7","46.67","8","5","62.50","7","2","28.57","342","3248","28.49","36.142667","108","60","108","108","40","3","0","0","309","3","0","0","0","0","3","0","0","0","24.5","4","49","8.16","0","","","30.44"
"Carter","Alex","Inner Voice","B","4","11","5","45.45","5","3","60.00","6","2","33.33","230","2923","38.13","41.576364","123","90","57","28","14","2","0","0","223","2","1","0","0","0","1","1","0","0","9","2","27","7.41","0","","","39.25"
"Cartin","Matt","Gatitos de la Muerte","D","1","2","0","0.00","2","0","0.00","0","0","","42","510","36.43","34","69","45","","","","0","0","0","0","0","0","0","0","0","0","0","0","0","","0","3","0.00","0","","","45.40"
"Cassino","Frank","The Drunken Phoenix","B","10","24","17","70.83","15","10","66.67","9","7","77.78","471","7955","50.67","59.312083","180","140","55","55","74","14","2","1","1664","10","3","3","0","1","7","5","1","0","29.1429","14","53","26.42","2","3","66.67","43.45"
"Cates","Charlie","Poker, We Don't Know Her","B","9","20","10","50.00","12","5","41.67","8","5","62.50","466","5854","37.69","45.117","160","100","50","50","40","5","1","0","597","6","0","1","1","0","3","1","0","1","12.7143","7","68","10.29","0","","","38.79"
"Chance","Sean","Poker, We Don't Know Her","B","10","25","8","32.00","11","3","27.27","14","5","35.71","497","6681","40.33","41.7064","101","100","86","86","62","3","0","0","301","4","0","0","0","0","3","0","0","0","35.5","4","51","7.84","0","","","41.05"
"Clayton","Ben","UFO's","C","7","16","10","62.50","7","3","42.86","9","7","77.78","377","4426","35.22","40.938125","125","85","48","48","40","4","0","0","425","3","1","0","0","0","3","1","0","0","19.8571","7","44","15.91","0","","","35.72"
"Cloutier","Paul","Dart Attacks","D","10","23","7","30.43","7","3","42.86","16","4","25.00","705","7138","30.37","36.593478","118","92","34","17","22","4","0","0","418","5","1","0","0","0","4","0","0","0","13","5","95","5.26","0","","","31.11"
"Collins","John","Flight Club","D","5","15","6","40.00","6","2","33.33","9","4","44.44","379","3561","28.19","27.977333","106","43","32","32","32","1","0","0","106","1","0","0","0","0","1","0","0","0","18","2","42","4.76","0","","","33.91"
"Cullen","Emory","Poker, We Don't Know Her","B","8","19","8","42.11","10","4","40.00","9","4","44.44","403","5926","44.11","49.386316","180","125","100","100","40","6","1","1","730","4","2","0","0","1","3","2","0","0","24","6","44","13.64","0","","","43.08"
"Davis","Jeff","Darty Rotten Scoundrels","B","6","16","12","75.00","10","7","70.00","6","5","83.33","285","4710","49.58","53.461875","180","60","57","57","60","3","1","1","401","6","1","0","0","1","1","1","0","0","30.4286","7","29","24.14","0","","","44.40"
"Demarco","Nick","Projectile Dysfunction","C","4","7","6","85.71","3","3","100.00","4","3","75.00","250","2440","29.28","46.667143","100","79","92","92","30","1","0","0","100","2","0","0","0","0","1","0","0","0","15.5","4","45","8.89","0","","","28.63"
"Dowell","Lindsey","UFO's","C","6","10","1","10.00","2","0","0.00","8","1","12.50","327","3143","28.83","28.999","86","81","","","","0","0","0","0","0","0","0","0","0","0","0","0","0","","0","36","0.00","0","","","30.33"
"Dryden","Michael","UFO's","C","9","20","7","35.00","11","5","45.45","9","2","22.22","534","5128","28.81","29.4835","121","47","41","41","56","1","0","0","121","1","1","0","0","0","0","1","0","0","20.3333","6","66","9.09","0","","","34.31"
"Dufford","Rich","Yacht Dawgs","B","4","12","5","41.67","6","4","66.67","6","1","16.67","238","2983","37.60","42.029167","111","64","32","32","32","1","0","0","111","2","0","0","0","0","1","0","0","0","17.3333","3","25","12.00","0","10","0.00","43.31"
"Eader","Ted","Dirty Darters","B","7","16","3","18.75","8","2","25.00","8","1","12.50","358","3922","32.87","36.219375","124","87","","","8","4","0","0","447","2","2","0","0","0","2","2","0","0","8","1","43","2.33","0","","","42.84"
"Elizondo","Brendan","Projectile Dysfunction","C","7","12","3","25.00","8","2","25.00","4","1","25.00","321","3367","31.47","42.333333","108","52","108","108","","2","0","0","213","2","0","0","0","0","2","0","0","0","","0","52","0.00","0","","","32.01"
"Evans","Ryan","Dart Attacks","D","10","23","3","13.04","5","0","0.00","18","3","16.67","595","4395","22.16","26.057826","91","91","64","64","14","0","0","0","0","0","0","0","0","0","0","0","0","0","14","1","77","1.30","0","","","27.41"
"Farmer","Sam","Needledicks","D","9","27","11","40.74","13","6","46.15","14","5","35.71","695","6683","28.85","30.592593","125","81","49","49","59","2","0","0","239","0","2","0","0","0","1","1","0","0","23.4","5","85","5.88","0","","","31.69"
"Fitzgibbon","Mike","Flight Club","D","2","6","4","66.67","3","2","66.67","3","2","66.67","155","1546","29.92","35.11","80","45","","","40","0","0","0","0","0","0","0","0","0","0","0","0","0","22","2","19","10.53","0","","","30.60"
"Fletcher","Brian","Flight Club","D","2","5","2","40.00","2","1","50.00","3","1","33.33","199","1553","23.41","30.2","99","46","41","35","36","0","0","0","0","1","0","0","0","0","0","0","0","0","20","2","35","5.71","0","","","24.89"
"Forbes","Thomas","Dart Attacks","D","6","9","3","33.33","2","1","50.00","7","2","28.57","374","3518","28.22","44.001111","116","105","30","30","12","3","0","0","321","2","1","0","0","0","3","0","0","0","12","1","55","1.82","0","","","27.41"
"Fortune","Erica","Gatitos de la Muerte","D","1","1","1","100.00","0","0","","1","1","100.00","42","501","35.79","28.67","93","22","","","16","0","0","0","0","0","0","0","0","0","0","0","0","0","16","1","6","16.67","0","","","34.71"
"Gallagher","Amber","Gatitos de la Muerte","D","3","8","3","37.50","3","2","66.67","5","1","20.00","261","2151","24.72","31.375","125","26","","","","1","0","0","125","0","1","0","0","0","0","1","0","0","","0","44","0.00","0","","","25.99"
"Gallagher","Patrick","Dirty Darters","B","5","13","6","46.15","5","3","60.00","8","3","37.50","259","3476","40.26","44.895385","133","85","92","92","99","5","0","0","568","5","2","1","0","0","3","2","0","0","31.8","5","31","16.13","0","","","43.47"
"Gandee","Todd","Poker, We Don't Know Her","B","5","9","4","44.44","6","3","50.00","3","1","33.33","184","1738","28.34","39.518889","95","95","43","43","6","0","0","0","0","1","0","0","0","0","0","0","0","0","4","3","28","10.71","0","","","38.28"
"Gauthier","Jacob","We're Sexy and We Throw It","A","6","24","17","70.83","12","10","83.33","12","7","58.33","423","8757","62.11","65.243333","140","140","100","100","113","24","4","0","2617","27","2","4","0","0","18","2","4","0","39.2308","13","45","28.89","0","6","0.00","49.46"
"Gendo","Krisna","Yacht Dawgs","B","8","24","10","41.67","9","7","77.78","15","3","20.00","517","6401","37.14","41.81875","105","105","57","42","40","4","0","0","405","8","0","0","0","0","4","0","0","0","27","6","71","8.45","0","4","0.00","39.61"
"Gentry","Mike","No Mas","A","6","23","22","95.65","16","15","93.75","7","7","100.00","422","8268","58.78","64.967391","180","180","90","90","120","13","4","1","1623","8","4","4","0","1","4","5","3","0","36.1176","17","57","29.82","0","","","46.56"
"Glaw","Gus","Menace II Sobriety","A","7","29","20","68.97","23","18","78.26","6","2","33.33","545","9900","54.50","59.816552","174","140","32","32","88","20","4","0","2393","21","5","5","0","1","9","7","3","1","28.0625","16","68","23.53","0","","","48.41"
"Goodrich","Eric","Dirty Darters","B","9","24","16","66.67","13","11","84.62","11","5","45.45","458","6879","45.06","52.93","140","140","52","52","54","12","5","0","1421","7","1","5","0","0","6","1","5","0","13.0909","11","61","18.03","0","","","45.01"
"Gordon","Jeff","UFO's","C","3","5","1","20.00","1","0","0.00","4","1","25.00","144","1610","33.54","37.866","89","39","89","89","","0","0","0","0","0","0","0","0","0","0","0","0","0","","0","16","0.00","0","","","36.22"
"Gover","Mike","UFO's","C","7","14","8","57.14","7","3","42.86","7","5","71.43","273","3011","33.09","36.975","134","66","48","46","22","3","0","0","354","2","1","1","0","0","1","2","0","0","12.25","4","38","10.53","0","","","33.83"
"Graham","Robert","Paul Dart Mall Cop","A","7","27","13","48.15","16","9","56.25","11","4","36.36","562","8794","46.94","49.789259","142","133","37","37","142","9","1","0","1119","6","3","5","0","0","4","4","1","0","32.6364","11","68","16.18","0","","","46.93"
"Granade","Paul","Gatitos de la Muerte","D","7","19","12","63.16","7","3","42.86","12","9","75.00","461","4788","31.16","37.986316","134","45","57","57","36","1","0","0","134","2","0","1","0","0","0","1","0","0","13.4286","7","68","10.29","0","","","32.17"
"Griffin","Bill","Dart Attacks","D","10","30","7","23.33","9","3","33.33","21","4","19.05","758","7318","28.96","32.717","105","60","57","28","20","2","0","0","205","2","0","0","0","0","2","0","0","0","8.6667","3","93","3.23","0","","","31.46"
"Hall","Matt","Off in the Woods","C","3","9","5","55.56","3","2","66.67","6","3","50.00","250","2358","28.30","27.075556","111","45","16","4","32","2","0","0","211","3","0","0","0","0","2","0","0","0","14","3","34","8.82","0","","","33.30"
"Hankins","Jamila","Darty Rotten Scoundrels","B","10","29","20","68.97","15","11","73.33","14","9","64.29","570","6419","33.78","36.134483","120","94","103","51","43","2","0","0","223","6","1","0","0","0","1","1","0","0","26.3333","9","71","12.68","0","","","40.63"
"Hankinson","Rede","No Mas","A","8","30","20","66.67","14","9","64.29","16","11","68.75","560","9317","49.91","54.052","180","121","41","41","60","20","2","1","2187","19","3","1","0","1","15","3","1","0","30","14","62","22.58","0","","","47.72"
"Hansen","Binz","Darty Rotten Scoundrels","B","4","11","8","72.73","9","6","66.67","2","2","100.00","174","3175","54.74","58.91","180","180","57","19","40","8","2","1","957","6","0","2","0","1","5","1","1","0","21.6","5","25","20.00","0","","","44.43"
"Harris","Brent","Castleberry Hill Dart Club","D","9","27","14","51.85","16","10","62.50","11","4","36.36","679","6899","30.48","34.963333","115","115","46","29","36","1","0","0","115","3","1","0","0","0","1","0","0","0","12","5","82","6.10","0","","","32.46"
"Hartsfield","Dacey","Menace II Sobriety","A","3","11","4","36.36","7","3","42.86","4","1","25.00","239","3737","46.91","52.333636","104","97","53","53","16","1","0","0","104","6","0","0","0","0","1","0","0","0","15","2","29","6.90","0","","","49.49"
"Haskew","Sara","Castleberry Hill Dart Club","D","9","27","13","48.15","17","10","58.82","10","3","30.00","636","7354","34.69","39.370741","140","95","42","42","42","3","1","0","384","2","2","1","0","0","1","1","1","0","16","8","82","9.76","0","","","34.99"
"Hidock","Tom","Menace II Sobriety","A","6","26","19","73.08","15","11","73.33","11","8","72.73","481","9217","57.49","64.433077","140","140","65","52","80","22","3","0","2353","23","0","4","0","0","18","1","3","0","30.2353","17","62","27.42","0","","","45.98"
"Hieserman","Bryan","The Drunken Phoenix","B","9","25","16","64.00","17","11","64.71","8","5","62.50","509","7409","43.67","44.8264","125","114","80","40","50","10","0","0","1103","8","5","0","0","0","7","3","0","0","22.4167","12","58","20.69","0","","","39.61"
"Hill","Amelia","Castleberry Hill Dart Club","D","9","27","15","55.56","18","12","66.67","9","3","33.33","579","7364","38.16","39.753333","135","83","58","58","62","3","0","0","389","2","1","2","0","0","0","3","0","0","22.2222","9","73","12.33","0","","","36.13"
"Hodack","Don","The Drunken Phoenix","B","6","9","4","44.44","2","1","50.00","7","3","42.86","137","1618","35.43","39.852222","113","83","40","40","6","1","0","0","113","1","0","0","0","0","1","0","0","0","6","1","18","5.56","0","0","","38.08"
"Holloway","Doug","USS Big Hard","D","10","29","21","72.41","20","15","75.00","9","6","66.67","588","8507","43.40","47.919655","147","121","128","128","147","11","2","0","1272","10","2","3","0","0","6","3","2","0","33.8333","12","75","16.00","0","","","34.98"
"Hon","PJ","No Mas","A","7","30","17","56.67","15","7","46.67","15","10","66.67","607","9275","45.84","46.016667","145","95","","","57","8","3","0","946","7","1","3","0","0","4","1","3","0","33.1667","6","55","10.91","0","","","47.09"
"Hooten","Cal","Darty Birds","C","2","5","3","60.00","3","1","33.33","2","2","100.00","133","1077","24.29","34.932","80","74","42","42","4","0","0","0","0","0","0","0","0","0","0","0","0","0","4","1","28","3.57","0","","","30.37"
"Hooten","David","Darty Birds","C","9","24","13","54.17","10","2","20.00","14","11","78.57","652","6481","29.82","42.721667","100","71","52","52","40","2","0","0","200","6","0","0","0","0","2","0","0","0","14","9","105","8.57","0","","","33.04"
"Horton","Jimmy","Needledicks","D","3","9","4","44.44","6","3","50.00","3","1","33.33","230","2770","36.13","44.741111","140","83","16","8","32","3","1","0","340","2","0","1","0","0","2","0","1","0","20.6667","3","34","8.82","0","","","34.02"
"Hunsberger","Josh","USS Big Hard","D","2","4","2","50.00","1","1","100.00","3","1","33.33","88","860","29.32","25.4175","64","41","32","10","34","0","0","0","0","0","0","0","0","0","0","0","0","0","34","1","8","12.50","0","","","32.77"
"Johnson","Josh","Inner Voice","B","5","10","5","50.00","5","2","40.00","5","3","60.00","186","2591","41.79","46.7","140","79","40","40","6","2","1","0","240","4","0","1","0","0","1","0","1","0","6","1","24","4.17","0","","","40.06"
"Johnson","Xander","MBT20","C","2","3","0","0.00","3","0","0.00","0","0","","48","572","35.75","48.11","106","80","","","","1","0","0","106","1","0","0","0","0","1","0","0","0","","0","7","0.00","0","","","35.68"
"Jones","Chris","Poker, We Don't Know Her","B","9","20","4","20.00","9","2","22.22","11","2","18.18","434","4321","29.87","32.533","105","83","81","81","4","3","0","0","305","3","0","0","0","0","3","0","0","0","3","2","47","4.26","0","","","36.85"
"Jones","Scott","UFO's","C","9","20","10","50.00","10","4","40.00","10","6","60.00","564","4931","26.23","27.469","102","63","","","36","1","0","0","102","1","0","0","0","0","1","0","0","0","18.4286","7","79","8.86","0","","","30.32"
"Jordan","Dave","No Mas","A","6","24","16","66.67","15","11","73.33","9","5","55.56","573","8372","43.83","50.541667","125","125","60","60","48","11","0","0","1160","11","3","0","0","0","9","2","0","0","16.3846","13","72","18.06","0","","","44.10"
"Jurgena","Jeff","Castleberry Hill Dart Club","D","3","9","5","55.56","3","2","66.67","6","3","50.00","200","2395","35.92","43.962222","133","85","30","30","24","1","0","0","133","0","0","1","0","0","0","1","0","0","18","2","26","7.69","0","","","33.62"
"Kendrick","Joed","Inner Voice","B","7","20","7","35.00","9","3","33.33","11","4","36.36","414","5142","37.26","42.067","109","100","47","27","32","4","0","0","409","5","0","0","0","0","4","0","0","0","11","5","56","8.93","0","","","39.30"
"Kerekes","Tom","Needledicks","D","9","27","15","55.56","14","9","64.29","13","6","46.15","695","7503","32.39","35.024444","133","85","32","16","77","4","0","0","477","2","2","1","0","0","2","2","0","0","24.2","10","94","10.64","0","","","31.52"
"Kjorlien","Donald","Yacht Dawgs","B","2","6","2","33.33","2","1","50.00","4","1","25.00","135","1481","32.91","37.61","88","79","88","44","","0","0","0","0","0","0","0","0","0","0","0","0","0","","0","16","0.00","0","","","37.34"
"Koppenhaver","Rob","No Mas","A","5","14","10","71.43","7","5","71.43","7","5","71.43","259","4357","50.47","59.690714","140","100","112","112","54","10","1","0","1099","13","0","2","0","0","8","1","1","0","45.6667","3","32","9.38","0","","","43.84"
"Koth","Heather","MBT20","C","9","26","12","46.15","18","9","50.00","8","3","37.50","601","7058","35.23","37.885385","114","95","62","62","36","1","0","0","114","3","1","0","0","0","1","0","0","0","10.25","8","83","9.64","0","","","35.77"
"Lane","Brian","Menace II Sobriety","A","1","5","2","40.00","0","0","","5","2","40.00","130","1865","43.04","51.6","121","100","","","8","4","0","0","421","5","1","0","0","0","3","1","0","0","8","1","17","5.88","0","","","38.10"
"Leipow","Kevin","UFO's","C","1","1","1","100.00","0","0","","1","1","100.00","15","265","53.00","81.33","123","95","","","","1","0","0","123","1","1","0","0","0","0","1","0","0","","0","2","0.00","0","","","41.47"
"Leonard","Max","Darty Birds","C","6","13","10","76.92","8","5","62.50","5","5","100.00","339","4034","35.70","40.334615","100","100","33","33","62","2","0","0","200","5","0","0","0","0","2","0","0","0","17.7143","7","47","14.89","0","","","36.37"
"Linn","Jeff","Inner Voice","B","10","27","9","33.33","10","4","40.00","17","5","29.41","520","7219","41.65","46.074815","133","90","40","40","56","3","0","0","354","5","1","1","0","0","1","2","0","0","31.625","8","60","13.33","0","","","42.34"
"London","Leanna","Dart Attacks","D","10","26","3","11.54","3","0","0.00","23","3","13.04","725","6342","26.24","28.154231","94","79","32","10","2","0","0","0","0","0","0","0","0","0","0","0","0","0","2","3","81","3.70","0","","","29.86"
"Lueder","Doug","UFO's","C","7","8","3","37.50","3","1","33.33","5","2","40.00","197","1957","29.80","38.71","112","68","23","23","25","1","0","0","112","1","0","0","0","0","1","0","0","0","17","2","29","6.90","0","","","35.65"
"Mabry","Tyler","Darty Rotten Scoundrels","B","9","24","19","79.17","12","10","83.33","12","9","75.00","423","6221","44.12","46.132083","105","100","72","72","52","5","0","0","505","6","0","0","0","0","5","0","0","0","25.1","10","49","20.41","0","","","42.50"
"Malesevic","Miro","Off in the Woods","C","8","20","12","60.00","11","8","72.73","9","4","44.44","524","6026","34.50","43.1","121","119","43","21","28","5","0","0","540","5","2","0","0","0","4","1","0","0","7.25","8","81","9.88","0","","","34.47"
"Marty","John","Flight Club","D","5","15","10","66.67","9","6","66.67","6","4","66.67","326","4236","38.98","40.266","140","60","74","74","73","2","1","0","267","1","1","1","0","0","0","1","1","0","33","5","37","13.51","0","","","33.91"
"Massey","David","Flight Club","D","10","28","19","67.86","15","10","66.67","13","9","69.23","687","7606","33.21","37.463929","140","57","52","52","57","1","1","0","140","2","0","1","0","0","0","0","1","0","21","11","89","12.36","0","","","32.53"
"McClatchey","Andy","We're Sexy and We Throw It","A","8","33","10","30.30","11","5","45.45","22","5","22.73","699","10809","46.39","49.847879","139","139","60","60","53","7","0","0","837","14","1","3","0","0","3","4","0","0","29.2857","7","69","10.14","0","","","49.91"
"McConnell","Johnny","Flight Club","D","5","13","10","76.92","7","4","57.14","6","6","100.00","313","4014","38.47","38.435385","116","83","44","22","24","3","0","0","330","1","2","0","0","0","3","0","0","0","15","6","38","15.79","0","","","34.82"
"McCoy","Patrick","Darty Rotten Scoundrels","B","10","27","23","85.19","14","12","85.71","13","11","84.62","552","8712","47.35","55.209259","123","100","80","80","114","9","0","0","949","13","2","0","0","0","8","1","0","0","35.7143","14","68","20.59","0","","","42.52"
"McGlamery","Ben","Paul Dart Mall Cop","A","7","29","20","68.97","16","11","68.75","13","9","69.23","578","9821","50.97","56.172414","140","140","80","80","100","21","3","0","2290","16","3","3","0","0","15","3","3","0","29.3333","15","64","23.44","0","","","49.61"
"McGlamery","Matt","Paul Dart Mall Cop","A","3","10","6","60.00","2","2","100.00","8","4","50.00","229","3033","39.73","45.565","140","81","","","59","2","1","0","276","3","0","2","0","0","0","1","1","0","27.6667","3","31","9.68","0","","","43.13"
"McIlrath","Bretton","Gatitos de la Muerte","D","10","28","17","60.71","19","13","68.42","9","4","44.44","723","7557","31.36","38.333214","110","110","60","45","88","3","0","0","310","5","0","0","0","0","3","0","0","0","18.7778","9","101","8.91","0","","","30.89"
"McIntosh","Andrew","Paul Dart Mall Cop","A","7","30","9","30.00","8","3","37.50","22","6","27.27","816","8674","31.89","36.161333","105","83","40","40","16","1","0","0","105","2","0","0","0","0","1","0","0","0","10.25","4","87","4.60","0","","","39.15"
"McLaurin","Josh","MBT20","C","5","13","4","30.77","5","1","20.00","8","3","37.50","294","3689","37.64","45.282308","123","100","68","68","40","3","0","0","344","1","2","0","0","0","1","2","0","0","34","2","36","5.56","0","","","37.95"
"Minkewicz","Andy","Flight Club","D","1","3","1","33.33","1","0","0.00","2","1","50.00","66","729","33.14","35","80","43","28","14","","0","0","0","0","0","0","0","0","0","0","0","0","0","","0","8","0.00","0","","","35.27"
"Mistretta","Andrew","Darty Birds","C","8","24","12","50.00","11","3","27.27","13","9","69.23","682","5880","25.87","38.959167","133","133","28","17","30","3","0","0","380","4","1","2","0","0","1","2","0","0","14.3333","6","114","5.26","0","","","32.23"
"Mitchell","Scott","Off in the Woods","C","7","21","12","57.14","13","9","69.23","8","3","37.50","414","6020","43.62","50.92","133","83","60","60","70","2","0","0","266","7","0","2","0","0","0","2","0","0","29.3333","9","56","16.07","0","","","39.79"
"Miteff","Katt","USS Big Hard","D","8","15","7","46.67","11","4","36.36","4","3","75.00","314","2727","26.05","33.066","88","70","21","21","88","0","0","0","0","0","0","0","0","0","0","0","0","0","36","3","43","6.98","0","","","32.06"
"Moricle","Wade","Menace II Sobriety","A","7","24","14","58.33","14","10","71.43","10","4","40.00","465","6391","41.23","45.84625","140","140","58","58","32","6","1","0","699","3","3","1","0","0","4","1","1","0","15.4286","7","60","11.67","0","","","44.42"
"Mosteller","Rodney","Dirty Darters","B","5","9","5","55.56","4","2","50.00","5","3","60.00","166","1945","35.15","36.222222","100","77","29","9","32","1","0","0","100","1","0","0","0","0","1","0","0","0","32","1","18","5.56","0","","","38.66"
"Murphy","Ryan","Projectile Dysfunction","C","10","30","16","53.33","17","10","58.82","13","6","46.15","641","8314","38.91","46.910667","180","180","80","80","87","10","3","1","1186","8","1","2","0","1","6","1","2","0","27.3636","11","93","11.83","0","","","38.37"
"Neal","Jaron","Projectile Dysfunction","C","10","22","17","77.27","14","12","85.71","8","5","62.50","510","7465","43.91","47.862727","121","100","12","12","70","9","0","0","942","12","2","0","0","0","7","2","0","0","21.25","12","67","17.91","0","","","40.42"
"Newsome","Brian","Gatitos de la Muerte","D","10","26","14","53.85","8","5","62.50","18","9","50.00","727","7169","29.58","34.91","105","63","56","44","47","1","0","0","105","4","0","0","0","0","1","0","0","0","14.6","5","110","4.55","0","","","30.48"
"Nicholaus","Artie","Dart Bags","C","6","17","9","52.94","9","5","55.56","8","4","50.00","380","4815","38.01","45.312353","140","140","50","50","34","4","2","0","492","2","0","2","0","0","2","0","2","0","20.4","5","57","8.77","0","","","36.41"
"Niewoehner","Dan","Castleberry Hill Dart Club","D","8","24","14","58.33","17","11","64.71","7","3","42.86","559","6767","36.32","42.985833","140","80","72","72","79","4","1","0","445","4","0","1","0","0","3","0","1","0","21.7","10","75","13.33","0","","","35.41"
"Ozyp","David","Brewhouse Bull Masters","A","7","31","12","38.71","12","5","41.67","19","7","36.84","784","10472","40.07","43.430323","171","97","60","60","40","8","3","0","970","5","1","2","0","1","5","0","2","1","22.1818","11","96","11.46","1","9","11.11","42.60"
"Paine","Darin","Brewhouse Bull Masters","A","1","4","1","25.00","2","0","0.00","2","1","50.00","90","1230","41.00","37.915","100","41","16","16","","2","0","0","200","2","0","0","0","0","2","0","0","0","","0","8","0.00","0","","","46.57"
"Pennington","Cameron","USS Big Hard","D","7","19","8","42.11","11","3","27.27","8","5","62.50","495","5614","34.02","43.543684","140","100","62","34","32","9","1","0","970","7","1","1","0","0","7","1","1","0","15.3333","6","78","7.69","0","","","31.95"
"Pfleegor","Antonio","Projectile Dysfunction","C","10","30","21","70.00","17","13","76.47","13","8","61.54","635","8933","42.20","52.378","141","100","92","77","47","16","3","0","1721","19","0","3","0","0","13","0","3","0","25.1667","12","95","12.63","0","","","35.60"
"Pritchett","Stephen","The Drunken Phoenix","B","3","4","2","50.00","3","2","66.67","1","0","0.00","100","1415","42.45","44.335","90","58","","","8","0","0","0","0","0","0","0","0","0","0","0","0","0","8","1","13","7.69","0","","","43.04"
"Reber","Brian","Off in the Woods","C","9","23","7","30.43","10","5","50.00","13","2","15.38","401","4306","32.21","33.558261","115","115","72","72","36","1","0","0","115","0","1","0","0","0","1","0","0","0","22","2","38","5.26","0","","","39.78"
"Reis","Dave","Dart Bags","C","5","13","6","46.15","6","1","16.67","7","5","71.43","363","3299","27.26","27.59","113","58","18","18","34","1","0","0","113","1","0","0","0","0","1","0","0","0","21","2","52","3.85","0","","","30.94"
"Reynolds","Ryan","Dart Bags","C","7","21","12","57.14","7","5","71.43","14","7","50.00","565","5854","31.08","40.380476","121","72","98","32","35","1","0","0","121","3","1","0","0","0","0","1","0","0","23","5","83","6.02","0","","","32.44"
"Robinson","Scott","The Drunken Phoenix","B","10","24","11","45.83","16","8","50.00","8","3","37.50","349","4140","35.59","36.953333","132","50","52","52","6","2","0","0","262","0","2","0","0","0","0","2","0","0","6","1","36","2.78","0","0","","43.04"
"Rodecker","Paul","Brewhouse Bull Masters","A","2","9","3","33.33","7","2","28.57","2","1","50.00","267","3100","34.83","44.556667","140","60","","","10","5","2","0","646","2","1","3","0","0","1","2","2","0","7","2","44","4.55","0","7","0.00","37.40"
"Rolader","Ben","USS Big Hard","D","4","9","3","33.33","5","2","40.00","4","1","25.00","262","2311","26.46","30.593333","92","74","36","36","15","0","0","0","0","0","0","0","0","0","0","0","0","0","8.5","2","38","5.26","0","","","28.02"
"Roszak","Matt","Inner Voice","B","7","17","5","29.41","6","3","50.00","11","2","18.18","311","4330","41.77","45.665882","140","100","48","48","54","4","1","0","454","3","1","1","0","0","3","0","1","0","29.8","5","37","13.51","0","","","44.46"
"Royball","Merrick","Off in the Woods","C","7","20","10","50.00","12","6","50.00","8","4","50.00","479","5582","34.96","39.0155","140","83","70","70","38","2","1","0","240","3","0","1","0","0","1","0","1","0","15.1667","6","62","9.68","0","","","34.41"
"Ryan","Matty","Brewhouse Bull Masters","A","6","26","8","30.77","14","3","21.43","12","5","41.67","585","8054","41.30","45.138462","140","85","","","90","4","1","0","459","4","1","1","0","0","3","0","1","0","60.6667","6","57","10.53","0","","","45.30"
"Schmidt","Taylor","Dirty Darters","B","2","2","1","50.00","0","0","","2","1","50.00","21","150","21.43","25","36","33","","","","0","0","0","0","0","0","0","0","0","0","0","0","0","","0","1","0.00","0","","","46.12"
"Schultz","Frank","Yacht Dawgs","B","9","27","13","48.15","16","9","56.25","11","4","36.36","591","7584","38.50","43.727407","121","89","65","65","47","2","0","0","221","9","1","0","0","0","1","1","0","0","23.5","10","76","13.16","0","0","","38.56"
"Scott","Bo","Brewhouse Bull Masters","A","8","34","15","44.12","21","10","47.62","13","5","38.46","797","11359","42.76","46.838235","137","137","104","52","60","13","0","0","1392","17","2","1","0","0","10","3","0","0","30","13","95","13.68","1","31","3.23","43.43"
"Shaw","Greg","USS Big Hard","D","9","25","15","60.00","12","8","66.67","13","7","53.85","536","6759","37.83","40.8532","120","100","16","8","76","4","0","0","420","4","1","0","0","0","3","1","0","0","28.2","10","76","13.16","0","","","36.55"
"Sills","Robert","MBT20","C","9","27","14","51.85","13","5","38.46","14","9","64.29","599","7797","39.05","43.568148","180","110","60","58","58","5","1","1","590","5","0","0","0","1","4","0","0","0","17.7778","9","78","11.54","0","","","36.68"
"Smith","Reaghan","Dart Attacks","D","6","9","1","11.11","2","1","50.00","7","0","0.00","153","1198","23.49","29.223333","100","38","66","66","6","1","0","0","100","1","0","0","0","0","1","0","0","0","6","1","21","4.76","0","","","29.68"
"Smith","Trey","Flight Club","D","6","17","12","70.59","11","7","63.64","6","5","83.33","412","4801","34.96","45.354118","120","95","93","76","32","2","0","0","220","5","1","0","0","0","1","1","0","0","13.5556","9","64","14.06","0","","","34.84"
"Sotolongo","Charlene","Darty Rotten Scoundrels","B","3","4","2","50.00","1","0","0.00","3","2","66.67","110","1214","33.11","37.3325","78","60","","","38","0","0","0","0","0","0","0","0","0","0","0","0","0","35","2","15","13.33","0","","","34.21"
"Sprinkle","Doug","Poker, We Don't Know Her","B","10","27","10","37.04","10","4","40.00","17","6","35.29","536","6484","36.29","37.704074","125","125","106","53","38","5","0","0","531","5","1","0","0","0","4","1","0","0","17","3","55","5.45","0","","","39.22"
"Star","Jake","Needledicks","D","4","12","11","91.67","6","5","83.33","6","6","100.00","264","3655","41.53","51.055833","130","85","100","80","85","7","0","0","730","9","1","0","0","0","6","1","0","0","23.8","5","35","14.29","0","","","35.34"
"Steadham","James","Gatitos de la Muerte","D","8","21","18","85.71","14","13","92.86","7","5","71.43","458","6746","44.19","49.872857","117","100","70","70","50","11","0","0","1122","13","1","0","0","0","11","0","0","0","25.7692","13","59","22.03","0","","","35.52"
"Sten","Rob","Menace II Sobriety","A","4","17","7","41.18","8","4","50.00","9","3","33.33","361","5532","45.97","57.234118","180","140","40","40","38","5","3","2","720","4","1","1","0","2","1","1","1","0","16.5","4","46","8.70","0","","","45.31"
"Steul","Laura","MBT20","C","9","25","13","52.00","14","9","64.29","11","4","36.36","655","6610","30.27","39.6928","89","83","42","22","38","0","0","0","0","0","0","0","0","0","0","0","0","0","18","8","104","7.69","0","","","33.86"
"Stewart","Justin","We're Sexy and We Throw It","A","2","10","6","60.00","8","6","75.00","2","0","0.00","187","3575","57.35","60.033","140","81","","","70","10","3","0","1165","5","2","3","0","0","5","2","3","0","31","4","20","20.00","0","","","49.09"
"Suhr","Matthew","No Mas","A","4","14","4","28.57","5","2","40.00","9","2","22.22","303","4558","45.13","48.034286","97","79","","","48","0","0","0","0","1","0","0","0","0","0","0","0","0","37.3333","3","23","13.04","0","","","48.68"
"Tanguay","Craig","Needledicks","D","7","21","12","57.14","13","8","61.54","8","4","50.00","538","4927","27.47","31.983333","112","94","50","50","39","2","0","0","212","3","0","0","0","0","2","0","0","0","12.7778","9","79","11.39","0","","","31.19"
"Thomas","Bruce","Projectile Dysfunction","C","9","19","12","63.16","10","7","70.00","9","5","55.56","324","3035","28.10","35.139474","118","92","94","94","8","2","0","0","226","1","1","0","0","0","2","0","0","0","4.6667","3","50","6.00","0","","","35.09"
"Thorsen","Kristin","Off in the Woods","C","1","3","0","0.00","2","0","0.00","1","0","0.00","141","816","17.36","39.776667","81","39","","","","0","0","0","0","0","0","0","0","0","0","0","0","0","","0","30","0.00","0","","","24.41"
"Tigue","Darrin","The Drunken Phoenix","B","10","26","16","61.54","14","10","71.43","12","6","50.00","542","7727","42.77","49.111538","140","140","120","120","60","10","2","0","1128","10","2","2","0","0","6","2","2","0","29.8889","9","73","12.33","0","","","40.19"
"Truman","Tim","Darty Rotten Scoundrels","B","4","9","7","77.78","5","4","80.00","4","3","75.00","188","2223","35.47","41.037778","100","79","","","35","1","0","0","100","1","0","0","0","0","1","0","0","0","21.5","2","25","8.00","0","","","41.93"
"Vance","William","We're Sexy and We Throw It","A","6","25","9","36.00","9","4","44.44","16","5","31.25","577","7783","40.47","46.58","133","95","50","50","40","1","0","0","133","3","0","1","0","0","0","1","0","0","21.6667","6","68","8.82","2","24","8.33","45.78"
"Vered","Moran","UFO's","C","7","14","4","28.57","10","2","20.00","4","2","50.00","287","3025","31.62","42.832857","140","125","60","60","8","3","1","0","365","2","1","1","0","0","1","1","1","0","5","2","40","5.00","0","","","36.71"
"Walsh","Michael","MBT20","C","9","25","10","40.00","12","5","41.67","13","5","38.46","618","6593","32.00","41.1732","140","93","52","37","47","3","1","0","366","3","1","1","0","0","1","1","1","0","20","7","88","7.95","0","","","33.77"
"Ware","Sloan","No Mas","A","2","3","0","0.00","2","0","0.00","1","0","0.00","72","941","39.21","29.223333","100","61","52","52","","1","0","0","100","1","0","0","0","0","1","0","0","0","","0","4","0.00","0","","","44.93"
"Wartner","Daniel","Dirty Darters","B","1","1","0","0.00","0","0","","1","0","0.00","12","89","22.25","21","41","","22","11","","0","0","0","0","0","0","0","0","0","0","0","0","0","","0","0","","0","","","36.12"
"Weaver","Dustin","We're Sexy and We Throw It","A","8","26","9","34.62","10","4","40.00","16","5","31.25","536","6951","38.90","40.266538","137","85","87","87","56","3","0","0","337","8","0","1","0","0","2","1","0","0","24.6667","6","52","11.54","0","5","0.00","45.44"
"Weaver","Matt","Off in the Woods","C","9","24","8","33.33","13","4","30.77","11","4","36.36","616","6696","32.61","36.86125","120","85","39","15","80","2","0","0","234","5","2","0","0","0","1","1","0","0","45","3","77","3.90","0","","","35.43"
"Weir","Caleb","Paul Dart Mall Cop","A","7","27","15","55.56","11","8","72.73","16","7","43.75","609","9135","45.00","50.975556","128","96","79","47","40","2","0","0","228","9","1","0","0","0","1","1","0","0","22.4615","13","75","17.33","0","","","45.42"
"Williams","Gavin","Paul Dart Mall Cop","A","4","15","5","33.33","6","2","33.33","9","3","33.33","328","4924","45.04","50.979333","140","85","78","78","40","4","2","0","485","5","0","2","0","0","2","0","2","0","35","2","29","6.90","0","","","45.91"
"Williams","Tom","Flight Club","D","6","18","7","38.89","8","4","50.00","10","3","30.00","523","4445","25.50","28.387778","93","67","","","14","0","0","0","0","0","0","0","0","0","0","0","0","0","6.8","5","73","6.85","0","","","29.35"
"Williamson","Bryan","Dirty Darters","B","5","11","5","45.45","5","3","60.00","6","2","33.33","247","3142","38.16","40.424545","101","83","","","15","2","0","0","201","2","0","0","0","0","2","0","0","0","13.5","2","29","6.90","0","","","40.90"
"Wood","Drew","Needledicks","D","5","15","8","53.33","8","4","50.00","7","4","57.14","427","4358","30.62","40.066667","121","96","40","20","60","2","0","0","221","2","1","0","0","0","1","1","0","0","29.6","5","74","6.76","0","","","29.92"
"Woods","Patrick","Inner Voice","B","1","3","0","0.00","1","0","0.00","2","0","0.00","45","639","42.60","44.333333","66","49","","","","0","0","0","0","0","0","0","0","0","0","0","0","0","","0","2","0.00","0","","","48.58"
"Ziegler","Tristan","Inner Voice","B","9","21","4","19.05","8","1","12.50","13","3","23.08","458","6103","39.98","48.428571","140","100","61","61","20","6","1","0","640","6","0","1","0","0","5","0","1","0","11.75","4","58","6.90","0","","","43.92"
"Zz","ZZ Alternate","Yacht Dawgs","B","1","3","0","0.00","1","0","0.00","2","0","0.00","63","653","31.10","31.556667","65","31","","","","0","0","0","0","0","0","0","0","0","0","0","0","0","","0","7","0.00","0","","","41.10"
"Zz","ZZ Alternate","Brewhouse Bull Masters","A","1","2","0","0.00","0","0","","2","0","0.00","21","0","0.00","0","","","","","","0","0","0","0","0","0","0","0","0","0","0","0","0","","0","0","","0","","","46.56"
"Zz","ZZ Alternate","Dirty Darters","B","1","2","0","0.00","2","0","0.00","0","0","","48","530","33.13","21","78","21","","","","0","0","0","0","0","0","0","0","0","0","0","0","0","","0","3","0.00","0","","","43.75"
"Zz","ZZ Alternate","Dart Bags","C","2","6","2","33.33","0","0","","6","2","33.33","150","1744","34.88","47.666667","134","57","","","8","1","0","0","134","0","0","1","0","0","0","1","0","0","8","1","22","4.55","0","","","35.84"
"Zz","ZZ Alternate","Castleberry Hill Dart Club","D","2","6","1","16.67","3","0","0.00","3","1","33.33","157","1384","26.45","31.276667","83","49","63","15","32","0","0","0","0","0","0","0","0","0","0","0","0","0","32","1","23","4.35","0","","","37.19"
"Zz","ZZ Alternate","Needledicks","D","1","3","1","33.33","1","1","100.00","2","0","0.00","60","825","41.25","43.113333","85","41","40","40","","0","0","0","0","0","0","0","0","0","0","0","0","0","","0","7","0.00","0","","","36.76"
