"Last","First","Team","Division","Matches","Legs","LWon","Legs Win","LWD","LWD Wins","WD%","LAD","LAD Wins","AD%","Darts Thrown","Points Scored","3DA","First 9","HTurn","HSI","HDIT","HDI","HDO","Best Leg","100+","140+","180","Ton Points","T95_113","T14_32","T33_51","T52_70","T71_80","T00_19","T20_39","T40_59","T60_79","Avg Fin","CO Darts","CO Opp","CO Turn %","Tracked Legs","CO Att","CO %","O-3DA"
"Adams","Faughn","Turtle Tantrum Dart Club","D","5","5","3","60.00","3","1","33.33","2","2","100.00","211","2492","35.43","40.934","101","46","","","42","40","1","0","0","101","1","0","0","0","0","1","0","0","0","28.6667","3","28","10.71","0","","","33.42"
"Adams","Nickie","Dissa Pointers","B","9","20","12","60.00","9","6","66.67","11","6","54.55","731","9901","40.63","51.6325","174","168","","","48","31","11","3","0","1381","6","5","1","1","1","5","3","1","2","22.0833","12","106","11.32","0","2","0.00","37.90"
"Adams","Shayne","We're Sexy and We Throw It","A","1","2","0","0.00","1","0","0.00","1","0","0.00","57","856","45.05","54.33","95","76","","","","-","0","0","0","0","1","0","0","0","0","0","0","0","0","","0","3","0.00","0","","","51.83"
"Ahmad","Sabah","Yacht Dawgs","B","6","16","11","68.75","8","7","87.50","8","4","50.00","491","7639","46.67","50.270625","180","82","","","108","23","8","1","1","934","7","2","0","0","1","5","2","0","0","42.3636","11","51","21.57","0","","","47.71"
"Albert","Duncan","Dirty Darters","B","10","23","8","34.78","12","4","33.33","11","4","36.36","823","10542","38.43","44.405652","140","120","","","77","27","8","1","0","860","7","1","1","0","0","6","1","1","0","32.875","8","87","9.20","0","","","40.93"
"Allred","Conner","The Drunken Phoenix","A","2","4","0","0.00","2","0","0.00","2","0","0.00","96","1244","38.88","34.335","85","60","","","","-","0","0","0","0","0","0","0","0","0","0","0","0","0","","0","0","","0","","","61.35"
"Andre","Myles","Dart Bags","D","7","7","0","0.00","3","0","0.00","4","0","0.00","333","3366","30.32","39.19","112","77","","","","-","1","0","0","112","2","0","0","0","0","1","0","0","0","","0","42","0.00","0","","","31.31"
"Appiah","Phillip","Paul Dart Mall Cop","A","7","18","11","61.11","10","7","70.00","8","4","50.00","440","8269","56.38","63.870556","140","133","","","80","22","16","1","0","1715","19","2","2","0","0","12","3","1","0","38.5455","11","49","22.45","0","","","56.76"
"Atkinson","Sophie","Armed and Hammered","D","6","6","1","16.67","0","0","","6","1","16.67","362","2973","24.64","34","98","42","","","2","71","0","0","0","0","1","0","0","0","0","0","0","0","0","2","1","64","1.56","0","2","0.00","24.36"
"Bailey","Matt","Darty Birds","B","9","21","10","47.62","10","5","50.00","11","5","45.45","713","9989","42.03","50.951905","180","100","","","56","23","9","1","1","1047","7","3","0","0","1","6","2","0","0","23.7","10","98","10.20","0","","","41.74"
"Baptiste","Andy","Who Darted?","E","8","8","6","75.00","7","5","71.43","1","1","100.00","347","3998","34.56","50.0425","140","115","","","43","25","3","1","0","374","0","2","1","0","0","2","0","1","0","26.1667","6","53","11.32","0","","","30.48"
"Barksdale","Sam","Dissa Pointers","B","10","23","16","69.57","11","9","81.82","12","7","58.33","767","11193","43.78","54.783043","180","140","","","64","21","15","5","1","1785","10","2","4","0","1","8","2","4","0","18.8125","16","104","15.38","0","3","0.00","41.11"
"Baro","Brittany","Who Darted?","E","5","5","1","20.00","0","0","","5","1","20.00","256","2231","26.14","30.066","84","53","","","8","70","0","0","0","0","0","0","0","0","0","0","0","0","0","8","1","31","3.23","0","","","28.40"
"Bauer","Spencer","USS Big Hard","C","10","10","2","20.00","5","2","40.00","5","0","0.00","400","4696","35.22","45.765","102","100","","","35","31","2","0","0","202","3","0","0","0","0","2","0","0","0","19.5","2","52","3.85","0","","","35.82"
"Bekiares","Jeff","Yacht Dawgs","B","5","13","4","30.77","6","2","33.33","7","2","28.57","494","6229","37.83","49.409231","135","125","","","79","27","5","0","0","615","3","4","1","0","0","1","4","0","0","25.5","4","70","5.71","0","","","38.16"
"Benkeser","Dave","Darty Birds","B","3","7","5","71.43","4","3","75.00","3","2","66.67","238","3447","43.45","53.38","140","99","","","88","24","4","1","0","475","5","0","2","0","0","2","1","1","0","33.6","5","35","14.29","0","","","39.87"
"Berry","Jacob","Napoleon BonaDarte","D","10","10","7","70.00","7","4","57.14","3","3","100.00","406","4745","35.06","46.467","135","97","","","32","26","1","0","0","135","6","0","1","0","0","0","1","0","0","16.1429","7","63","11.11","0","5","0.00","34.82"
"Blackburn","Steve","Yacht Dawgs","B","5","13","8","61.54","7","5","71.43","6","3","50.00","429","5857","40.96","37.410769","100","85","","","44","28","4","0","0","400","8","0","0","0","0","4","0","0","0","20.25","8","46","17.39","0","","","42.13"
"Blackman","Derrick","Dart Bags","D","9","9","6","66.67","6","4","66.67","3","2","66.67","424","4469","31.62","35.627778","120","64","","","40","32","3","0","0","328","2","1","0","0","0","2","1","0","0","13.3333","6","63","9.52","0","","","31.46"
"Blase","Bryan","Finer Points","B","6","15","3","20.00","8","3","37.50","7","0","0.00","570","6586","34.66","39.064667","115","66","","","58","36","4","0","0","415","3","1","0","0","0","4","0","0","0","30","3","62","4.84","0","","","39.07"
"Blumberg","Ryan","Throwing Shade","C","6","6","3","50.00","4","3","75.00","2","0","0.00","237","2953","37.38","43.165","116","57","","","34","32","1","0","0","116","1","1","0","0","0","1","0","0","0","19.6667","3","32","9.38","0","","","38.36"
"Boley","Jason","UFO's","C","6","6","4","66.67","2","2","100.00","4","2","50.00","199","2881","43.43","47.945","117","71","","","12","29","2","0","0","231","1","2","0","0","0","2","0","0","0","8.5","4","20","20.00","0","","","44.03"
"Bonnem","Curt","Finer Points","B","7","15","12","80.00","7","6","85.71","8","6","75.00","554","7497","40.60","53.31","140","140","","","40","23","13","4","0","1486","9","1","4","0","0","8","1","4","0","17.8333","12","86","13.95","0","","","36.02"
"Brantley","Grant","MBT20","C","6","6","2","33.33","5","2","40.00","1","0","0.00","246","2845","34.70","41.111667","94","65","","","66","30","0","0","0","0","0","0","0","0","0","0","0","0","0","34","2","30","6.67","0","","","37.34"
"Bronstein","Neil","Menace II Sobriety","A","5","13","10","76.92","7","6","85.71","6","4","66.67","339","6292","55.68","72.641538","180","83","","","50","19","12","6","1","1503","8","1","5","0","1","5","1","5","0","29.4","10","50","20.00","0","","","51.87"
"Buckley","Gareth","We're Sexy and We Throw It","A","9","23","9","39.13","10","6","60.00","13","3","23.08","645","10492","48.80","52.695652","140","85","","","108","21","14","2","0","1523","15","0","3","0","0","11","1","2","0","43.8889","9","63","14.29","0","","","50.51"
"Buehler","Stephanie","Armed and Hammered","D","8","8","1","12.50","2","0","0.00","6","1","16.67","333","3552","32.00","47.3325","83","75","","","37","39","0","0","0","0","0","0","0","0","0","0","0","0","0","37","1","43","2.33","0","0","","35.54"
"Burns","Jumpy","Gatitos de la Muerte","C","2","2","1","50.00","1","1","100.00","1","0","0.00","55","816","44.51","27.33","83","26","","","2","34","0","0","0","0","0","0","0","0","0","0","0","0","0","2","1","4","25.00","0","","","51.68"
"Burrell","Carlos","DILLIGAF","B","4","12","7","58.33","7","5","71.43","5","2","40.00","409","5716","41.93","48.721667","125","94","","","75","27","8","0","0","907","7","5","0","0","0","4","4","0","0","28.1429","7","54","12.96","0","","","43.63"
"Campagnolo","Austin","Darty Rotten Scoundrels","A","7","17","13","76.47","9","8","88.89","8","5","62.50","450","8441","56.27","65.332353","140","140","","","62","20","17","4","0","1880","15","1","4","0","0","12","1","4","0","26.6154","13","59","22.03","0","","","48.61"
"Cannin","Ryan","Dirty Darters","B","6","14","2","14.29","6","2","33.33","8","0","0.00","501","5968","35.74","43.427857","127","90","","","40","29","4","0","0","457","3","2","0","0","0","3","1","0","0","22","2","52","3.85","0","","","40.59"
"Carlson","Mitch","Who Darted?","E","5","5","5","100.00","3","3","100.00","2","2","100.00","231","2505","32.53","49.332","118","118","","","14","34","3","0","0","318","2","1","0","0","0","3","0","0","0","5.8","5","38","13.16","0","","","29.45"
"Carlton","TJ","Turtle Tantrum Dart Club","D","9","9","3","33.33","4","2","50.00","5","1","20.00","417","4005","28.81","31.184444","113","58","","","26","35","2","0","0","214","2","0","0","0","0","2","0","0","0","16","3","54","5.56","0","3","0.00","30.98"
"Cassino","Frank","The Drunken Phoenix","A","10","27","12","44.44","14","8","57.14","13","4","30.77","808","12757","47.37","51.78963","140","100","","","104","20","17","1","0","1902","16","6","1","0","0","11","5","1","0","34.5833","12","92","13.04","0","","","47.51"
"Cates","Charlie","Hug a Doug","C","7","7","2","28.57","3","1","33.33","4","1","25.00","221","3239","43.97","43.095714","140","81","","","64","29","3","1","0","358","2","1","1","0","0","2","0","1","0","55","2","23","8.70","0","","","46.00"
"Chance","Sean","Hug a Doug","C","10","10","7","70.00","4","3","75.00","6","4","66.67","355","4813","40.67","60.699","140","140","","","46","26","5","2","0","580","4","0","2","0","0","3","0","2","0","19.4286","7","57","12.28","0","","","39.01"
"Clayton","Ben","UFO's","C","5","5","1","20.00","3","1","33.33","2","0","0.00","172","2288","39.91","35.2","100","85","","","10","40","2","0","0","200","5","0","0","0","0","2","0","0","0","10","1","23","4.35","0","","","43.37"
"Cloutier","Paul","Dart Attacks","E","8","8","6","75.00","4","2","50.00","4","4","100.00","415","3986","28.81","40.0825","121","81","","","65","38","2","0","0","242","1","2","0","0","0","0","2","0","0","16","6","77","7.79","0","","","28.77"
"Connolly","Brendan","Finer Points","B","6","14","5","35.71","8","3","37.50","6","2","33.33","527","6170","35.12","37.452857","133","87","","","67","33","1","0","0","133","3","0","1","0","0","0","1","0","0","21.8","5","55","9.09","0","","","37.62"
"Cook","Robert","DILLIGAF","B","7","17","12","70.59","8","7","87.50","9","5","55.56","546","8341","45.83","49.313529","140","81","","","39","24","11","2","0","1273","6","4","2","0","0","5","4","2","0","26.0833","12","67","17.91","0","","","40.28"
"Corona","Nicole","DILLIGAF","B","6","14","6","42.86","8","4","50.00","6","2","33.33","480","6521","40.76","46.667143","132","85","","","40","22","6","0","0","662","4","2","0","0","0","4","2","0","0","13.6667","6","56","10.71","0","","","41.41"
"Crane","Tony","Menace II Sobriety","A","3","7","4","57.14","3","2","66.67","4","2","50.00","230","3443","44.91","45.334286","135","63","","","47","23","2","0","0","268","5","0","2","0","0","0","2","0","0","23","4","32","12.50","0","","","43.79"
"Cullen","Emory","Hug a Doug","C","7","7","4","57.14","3","1","33.33","4","3","75.00","229","3369","44.14","46.571429","123","64","","","40","30","5","0","0","523","4","1","0","0","0","4","1","0","0","28.25","4","25","16.00","0","","","44.24"
"Cyr","Lindsey","Armed and Hammered","D","5","5","3","60.00","1","0","0.00","4","3","75.00","252","2448","29.14","46.268","124","83","","","80","27","2","0","0","235","1","1","0","0","0","1","1","0","0","30.6667","3","44","6.82","0","","","29.12"
"D'Angelo","Dylan","Armed and Hammered","D","6","6","1","16.67","1","0","0.00","5","1","20.00","205","2771","40.55","42.833333","100","69","","","24","31","2","0","0","200","2","0","0","0","0","2","0","0","0","24","1","20","5.00","0","","","40.61"
"Demarco","Nick","Projectile Dysfunction","A","9","20","8","40.00","10","4","40.00","10","4","40.00","658","9063","41.32","50.316","130","120","","","48","35","5","0","0","579","6","3","0","0","0","3","2","0","0","21.375","8","74","10.81","0","","","44.96"
"Derks","Willem","Throwing Shade","C","8","8","6","75.00","4","4","100.00","4","2","50.00","220","3994","54.46","58.9175","180","100","","","74","22","8","1","1","880","8","0","0","0","1","7","0","0","0","28","6","31","19.35","0","","","47.08"
"Deweese","Wes","Old Darty Bastards","E","8","8","4","50.00","6","3","50.00","2","1","50.00","383","3977","31.15","47.20875","98","98","","","10","31","0","0","0","0","2","0","0","0","0","0","0","0","0","5","4","67","5.97","0","","","29.70"
"Dowell","Lindsey","UFO's","C","7","7","4","57.14","2","1","50.00","5","3","60.00","288","3094","32.23","40.762857","100","80","","","24","44","1","0","0","100","1","0","0","0","0","1","0","0","0","15","4","29","13.79","0","","","36.22"
"Dryden","Michael","UFO's","C","8","8","2","25.00","3","1","33.33","5","1","20.00","335","3773","33.79","33.41625","133","73","","","20","41","3","0","0","362","1","1","1","0","0","1","2","0","0","12.5","2","35","5.71","0","","","35.63"
"Dryja","Chris","Dartsiders","E","2","2","2","100.00","1","1","100.00","1","1","100.00","104","1002","28.90","33.665","108","41","","","4","43","1","0","0","108","1","0","0","0","0","1","0","0","0","3","2","15","13.33","0","","","27.54"
"Eader","Ted","Dirty Darters","B","9","21","4","19.05","10","2","20.00","11","2","18.18","765","9276","36.38","39.476667","140","105","","","75","34","8","1","0","870","7","1","1","0","0","6","1","1","0","29.25","4","85","4.71","0","","","39.98"
"Early","Rebecca","Plan B","E","3","3","0","0.00","1","0","0.00","2","0","0.00","144","1449","30.19","35.22","58","35","","","","-","0","0","0","0","0","0","0","0","0","0","0","0","0","","0","19","0.00","0","","","31.10"
"Egli","Jason","Finer Points","B","4","10","6","60.00","5","3","60.00","5","3","60.00","330","4744","43.13","48.501","140","85","","","106","24","7","1","0","746","6","0","1","0","0","6","0","1","0","34","6","39","15.38","0","","","40.90"
"Elizondo","Brendan","Projectile Dysfunction","A","3","6","0","0.00","3","0","0.00","3","0","0.00","192","2175","33.98","42.11","95","76","","","","-","0","0","0","0","1","0","0","0","0","0","0","0","0","","0","17","0.00","0","","","46.97"
"Evans","Ryan","Dart Attacks","E","1","1","1","100.00","1","1","100.00","0","0","","59","501","25.47","22.67","108","5","","","4","59","1","0","0","108","1","0","0","0","0","1","0","0","0","4","1","8","12.50","0","","","26.11"
"Everett","Broc","Darty Rotten Scoundrels","A","7","15","12","80.00","8","7","87.50","7","5","71.43","346","7501","65.04","71.778","180","137","","","88","17","21","5","1","2527","14","3","7","0","1","10","6","4","0","31.8333","12","45","26.67","0","","","54.80"
"Farmer","Sam","Needledicks","D","6","6","4","66.67","3","2","66.67","3","2","66.67","271","2926","32.39","35.276667","81","72","","","22","41","0","0","0","0","0","0","0","0","0","0","0","0","0","14.5","4","33","12.12","0","","","32.26"
"Feki","Steven","Dissa Pointers","B","8","20","9","45.00","10","6","60.00","10","3","30.00","766","9415","36.87","48","134","90","","","117","21","8","0","0","877","7","2","1","0","0","6","2","0","0","32","9","105","8.57","0","","","36.64"
"Fitzgibbon","Mike","MBT20","C","3","3","1","33.33","0","0","","3","1","33.33","101","1195","35.50","42.223333","100","100","","","6","56","1","0","0","100","1","0","0","0","0","1","0","0","0","6","1","10","10.00","0","","","41.92"
"Forbes","Thomas","Dart Attacks","E","4","4","1","25.00","2","1","50.00","2","0","0.00","187","1733","27.80","27.3325","97","37","","","14","49","0","0","0","0","1","0","0","0","0","0","0","0","0","14","1","23","4.35","0","","","31.94"
"Fusco","James","Finer Points","B","7","17","13","76.47","9","7","77.78","8","6","75.00","494","8384","50.91","58.234706","180","100","","","60","17","13","2","1","1494","16","2","0","1","1","9","2","0","1","29","13","57","22.81","2","5","40.00","48.34"
"Gallagher","Amber","Gatitos de la Muerte","C","1","1","0","0.00","0","0","","1","0","0.00","45","495","33.00","37","91","21","","","","-","0","0","0","0","0","0","0","0","0","0","0","0","0","","0","6","0.00","0","","","31.31"
"Gallagher","Patrick","DILLIGAF","B","8","19","16","84.21","10","9","90.00","9","7","77.78","637","9268","43.65","53.017368","140","100","","","91","27","14","1","0","1507","14","3","1","0","0","10","3","1","0","22","16","90","17.78","0","","","41.63"
"Gandee","Todd","Hug a Doug","C","3","3","2","66.67","2","2","100.00","1","0","0.00","149","1500","30.20","40.223333","126","60","","","20","33","2","0","0","243","0","2","0","0","0","1","1","0","0","18","2","26","7.69","0","","","29.29"
"Gauthier","Jacob","We're Sexy and We Throw It","A","9","23","13","56.52","11","9","81.82","12","4","33.33","563","10876","57.95","62.433478","180","100","","","78","21","22","2","1","2408","23","2","2","0","1","17","3","1","0","32.3077","13","60","21.67","0","","","53.46"
"Gendo","Krisna","Yacht Dawgs","B","6","15","4","26.67","7","3","42.86","8","1","12.50","549","6971","38.09","46.043333","140","83","","","32","32","6","1","0","713","6","2","2","0","0","4","1","1","0","13","4","66","6.06","0","","","38.93"
"Gentry","Mike","Menace II Sobriety","A","2","5","4","80.00","3","3","100.00","2","1","50.00","115","2465","64.30","73.268","140","135","","","20","19","9","1","0","1092","6","3","3","0","0","3","5","1","0","12.5","4","14","28.57","0","","","56.65"
"Glaw","Gus","Menace II Sobriety","A","10","23","20","86.96","12","10","83.33","11","10","90.91","633","11352","53.80","60.636957","180","135","","","88","16","18","6","1","2155","22","0","7","0","1","10","2","5","0","27.8","20","85","23.53","0","","","47.82"
"Godwin","Jake","DILLIGAF","B","4","11","7","63.64","7","6","85.71","4","1","25.00","314","5313","50.76","50.909091","140","100","","","54","23","6","2","0","701","3","1","2","0","0","3","1","2","0","29.7143","7","32","21.88","0","","","43.19"
"Goodrich","Eric","Dirty Darters","B","9","23","15","65.22","13","9","69.23","10","6","60.00","651","11192","51.58","64.10087","140","140","","","56","20","22","6","0","2523","15","3","6","0","0","13","3","6","0","22.7333","15","82","18.29","0","","","47.50"
"Gordon","Jeff","UFO's","C","1","1","1","100.00","0","0","","1","1","100.00","29","501","51.83","42.33","93","57","","","19","29","0","0","0","0","0","0","0","0","0","0","0","0","0","19","1","3","33.33","0","","","32.20"
"Gover","Mike","UFO's","C","3","3","3","100.00","2","2","100.00","1","1","100.00","100","1503","45.09","51.556667","115","59","","","26","27","2","0","0","215","1","1","0","0","0","2","0","0","0","17.6667","3","11","27.27","0","","","38.38"
"Graham","Robert","Paul Dart Mall Cop","A","9","23","13","56.52","11","9","81.82","12","4","33.33","625","10575","50.76","60.913043","171","121","","","65","21","9","1","0","1147","16","6","2","0","1","3","5","0","1","26.3846","13","68","19.12","0","","","51.85"
"Gramling","Tom","The Drunken Phoenix","A","2","5","2","40.00","3","2","66.67","2","0","0.00","140","2211","47.38","53.068","134","86","","","20","25","3","0","0","334","2","0","1","0","0","2","1","0","0","18","2","14","14.29","0","","","49.82"
"Granade","Paul","Gatitos de la Muerte","C","7","7","6","85.71","1","1","100.00","6","5","83.33","246","3418","41.68","49.618571","140","140","","","24","26","7","1","0","780","4","2","1","0","0","4","2","1","0","12","6","32","18.75","0","","","38.31"
"Griffin","Bill","Dart Attacks","E","8","8","3","37.50","2","1","50.00","6","2","33.33","563","3979","21.20","38.875","89","68","","","6","46","0","0","0","0","0","0","0","0","0","0","0","0","0","5.6667","3","108","2.78","0","","","21.04"
"Guardino","Joe","Napoleon BonaDarte","D","9","9","8","88.89","7","6","85.71","2","2","100.00","290","4472","46.26","56.555556","100","100","","","82","27","8","0","0","800","8","0","0","0","0","8","0","0","0","26.375","8","39","20.51","0","","","40.86"
"Guggenheim","Dylan","Napoleon BonaDarte","D","10","10","2","20.00","7","2","28.57","3","0","0.00","461","4883","31.78","44.166","140","41","","","4","46","6","1","0","674","5","1","1","0","0","4","1","1","0","4","2","73","2.74","0","","","32.45"
"Haase","Chad","Armed and Hammered","D","4","4","2","50.00","2","1","50.00","2","1","50.00","162","1980","36.67","50.665","84","83","","","39","38","0","0","0","0","0","0","0","0","0","0","0","0","0","27.5","2","23","8.70","0","","","36.07"
"Hamp","Don","Throwing Shade","C","5","5","2","40.00","3","1","33.33","2","1","50.00","192","2460","38.44","50.402","125","85","","","24","30","1","0","0","125","0","1","0","0","0","0","1","0","0","14","2","28","7.14","0","","","38.70"
"Hankinson","Rede","Finer Points","B","4","8","6","75.00","4","3","75.00","4","3","75.00","231","3960","51.43","60.7075","130","100","","","90","18","9","0","0","930","8","1","0","0","0","8","1","0","0","38.6667","6","27","22.22","0","","","47.23"
"Hansen","Binz","Darty Rotten Scoundrels","A","4","9","7","77.78","5","4","80.00","4","3","75.00","249","4371","52.66","65.591111","133","100","","","56","20","12","0","0","1233","12","0","1","0","0","11","1","0","0","25.1429","7","35","20.00","0","","","46.74"
"Hansen","Ryan","Darty Rotten Scoundrels","A","10","26","18","69.23","12","10","83.33","14","8","57.14","580","12445","64.37","63.923462","180","140","","","115","17","35","10","1","4046","27","3","10","0","1","22","3","9","0","41","18","64","28.13","0","","","55.30"
"Hardin","Chris","Old Darty Bastards","E","8","8","4","50.00","4","1","25.00","4","3","75.00","375","3872","30.98","46.9575","97","77","","","50","32","0","0","0","0","4","0","0","0","0","0","0","0","0","21.5","4","66","6.06","0","","","29.92"
"Harris","Brent","Castleberry Hill Dart Club","D","9","9","2","22.22","3","0","0.00","6","2","33.33","506","4393","26.05","35.888889","96","72","","","16","66","0","0","0","0","1","0","0","0","0","0","0","0","0","9","2","90","2.22","1","28","3.57","26.45"
"Haskew","Sara","Castleberry Hill Dart Club","D","6","6","1","16.67","5","1","20.00","1","0","0.00","283","2948","31.25","45.276667","117","83","","","8","46","2","0","0","217","1","1","0","0","0","2","0","0","0","8","1","50","2.00","0","","","32.09"
"Hasty","Remington","Who Darted?","E","7","7","1","14.29","4","0","0.00","3","1","33.33","388","3412","26.38","44.287143","120","45","","","24","46","1","0","0","120","0","1","0","0","0","0","1","0","0","24","1","64","1.56","0","","","26.82"
"Hieserman","Bryan","The Drunken Phoenix","A","8","21","8","38.10","10","6","60.00","11","2","18.18","628","9387","44.84","52.634762","171","140","","","51","27","10","2","0","1182","7","3","1","0","1","5","3","1","1","27.875","8","63","12.70","0","","","49.53"
"Hill","Amelia","Castleberry Hill Dart Club","D","6","6","5","83.33","2","2","100.00","4","3","75.00","216","3001","41.68","52.28","121","121","","","38","31","2","0","0","238","1","2","0","0","0","1","1","0","0","18.8","5","34","14.71","1","3","33.33","37.40"
"Hodack","Don","The Drunken Phoenix","A","7","19","6","31.58","7","3","42.86","12","3","25.00","582","8270","42.63","51.105263","100","95","","","69","23","1","0","0","100","10","0","0","0","0","1","0","0","0","38.5","6","60","10.00","0","","","46.67"
"Holcomb","Gabriel","DILLIGAF","B","7","17","8","47.06","8","3","37.50","9","5","55.56","583","7980","41.06","47.782941","134","85","","","47","28","7","0","0","799","9","3","1","0","0","4","3","0","0","22.625","8","70","11.43","0","","","42.41"
"Holloway","Doug","USS Big Hard","C","10","10","10","100.00","8","8","100.00","2","2","100.00","358","5010","41.98","46.167","125","81","","","68","21","9","0","0","976","8","3","0","0","0","6","3","0","0","21.6","10","56","17.86","0","","","38.18"
"Hooten","David","Darty Birds","B","10","23","13","56.52","11","6","54.55","12","7","58.33","829","11286","40.84","45.419565","132","97","","","67","25","4","0","0","457","12","2","0","0","0","3","1","0","0","30.7692","13","97","13.40","0","","","37.02"
"Horton","Ali","Needledicks","D","7","7","0","0.00","2","0","0.00","5","0","0.00","297","3077","31.08","34.332857","100","92","","","","-","1","0","0","100","1","0","0","0","0","1","0","0","0","","0","33","0.00","0","","","34.95"
"Horton","Jimmy","Needledicks","D","8","8","6","75.00","4","3","75.00","4","3","75.00","352","3972","33.85","45.83375","120","79","","","34","32","5","0","0","520","4","1","0","0","0","4","1","0","0","15","6","57","10.53","1","13","7.69","33.36"
"Hutchins","James","Dissa Pointers","B","5","12","6","50.00","5","3","60.00","7","3","42.86","522","5640","32.41","35.5275","116","60","","","16","38","2","0","0","228","2","1","0","0","0","2","0","0","0","7.8333","6","75","8.00","0","","","33.96"
"Jones","Bill","Plan B","E","4","4","3","75.00","1","1","100.00","3","2","66.67","210","1990","28.43","40.915","89","41","","","30","45","0","0","0","0","0","0","0","0","0","0","0","0","0","16.6667","3","31","9.68","0","","","27.80"
"Jones","Chris","Hug a Doug","C","6","6","0","0.00","1","0","0.00","5","0","0.00","222","2514","33.97","45.943333","121","43","","","","-","1","0","0","121","2","1","0","0","0","0","1","0","0","","0","20","0.00","0","","","40.08"
"Jones","Doug","Throwing Shade","C","10","10","6","60.00","6","3","50.00","4","3","75.00","372","4889","39.43","49.398","140","100","","","38","24","6","1","0","641","6","0","1","0","0","5","0","1","0","14.6667","6","50","12.00","0","","","38.78"
"Jones","Scott","UFO's","C","7","7","3","42.86","3","2","66.67","4","1","25.00","299","3385","33.96","44.19","133","92","","","49","29","1","0","0","133","1","0","1","0","0","0","1","0","0","33.6667","3","40","7.50","0","","","33.76"
"Kerekes","Tom","Needledicks","D","10","10","5","50.00","6","4","66.67","4","1","25.00","430","4710","32.86","36.7","133","60","","","32","41","1","0","0","133","0","0","1","0","0","0","1","0","0","10.6","5","60","8.33","1","2","50.00","34.42"
"Khimani","Aneal","Castleberry Hill Dart Club","D","10","10","7","70.00","6","3","50.00","4","4","100.00","374","4911","39.39","44.933","121","65","","","77","29","2","0","0","221","4","1","0","0","0","1","1","0","0","23.5714","7","50","14.00","0","","","38.45"
"Koth","Heather","MBT20","C","9","9","5","55.56","4","3","75.00","5","2","40.00","374","4480","35.94","46.556667","117","80","","","40","25","3","0","0","327","4","1","0","0","0","3","0","0","0","21.2","5","57","8.77","0","","","32.33"
"Kupersmith","Janine","Plan B","E","7","7","2","28.57","2","0","0.00","5","2","40.00","362","3344","27.71","40.475714","83","79","","","36","43","0","0","0","0","0","0","0","0","0","0","0","0","0","23","2","54","3.70","0","","","28.33"
"Lambert","Wendy","Armed and Hammered","D","4","4","1","25.00","1","0","0.00","3","1","33.33","154","1725","33.60","25.5825","82","28","","","40","40","0","0","0","0","0","0","0","0","0","0","0","0","0","40","1","12","8.33","0","","","37.97"
"Lane","Brian","Menace II Sobriety","A","3","9","3","33.33","5","3","60.00","4","0","0.00","261","4060","46.67","54.593333","136","136","","","20","25","4","0","0","471","4","0","2","0","0","2","2","0","0","13.3333","3","23","13.04","0","","","50.03"
"Lane","Jamie","Menace II Sobriety","A","4","9","8","88.89","5","5","100.00","4","3","75.00","270","4463","49.59","58.665556","140","140","","","46","24","11","3","0","1240","8","1","3","0","0","7","1","3","0","20.75","8","41","19.51","0","","","45.71"
"Lea","Dave","Plan B","E","6","6","4","66.67","3","3","100.00","3","1","33.33","330","3000","27.27","38.221667","102","55","","","49","42","2","0","0","202","2","0","0","0","0","2","0","0","0","15.25","4","54","7.41","0","","","27.15"
"Lee","Clyde","DILLIGAF","B","1","3","2","66.67","1","1","100.00","2","1","50.00","143","1489","31.24","36.443333","133","30","","","61","27","2","0","0","264","0","1","1","0","0","0","2","0","0","31.5","2","27","7.41","0","","","27.75"
"Leipow","Kevin","UFO's","C","1","1","1","100.00","1","1","100.00","0","0","","32","501","46.97","55.33","96","79","","","6","32","0","0","0","0","1","0","0","0","0","0","0","0","0","6","1","3","33.33","0","","","44.50"
"Lemmond","Nick","Dissa Pointers","B","7","18","8","44.44","8","4","50.00","10","4","40.00","626","8505","40.76","48.166667","137","102","","","54","24","3","0","0","339","4","0","1","0","0","2","1","0","0","31.5","8","67","11.94","0","","","40.57"
"Leonard","Max","Darty Birds","B","8","23","10","43.48","11","6","54.55","12","4","33.33","759","10671","42.18","49.435217","180","100","","","20","22","12","1","1","1387","12","3","1","0","1","7","4","0","0","13.8","10","89","11.24","0","","","43.68"
"Lind","Mike","Dart Attacks","E","","","","","","","","0","","","","","-","","","","","","","","","","","","","","","","","","","","","","","","","","","","-"
"Liscio","Patricia","Plan B","E","2","2","2","100.00","0","0","","2","2","100.00","137","1002","21.94","43","89","89","","","14","53","0","0","0","0","0","0","0","0","0","0","0","0","0","10","2","28","7.14","0","","","20.76"
"London","Leanna","Dart Attacks","E","8","8","1","12.50","3","0","0.00","5","1","20.00","410","3597","26.32","32.74875","79","40","","","6","65","0","0","0","0","0","0","0","0","0","0","0","0","0","6","1","53","1.89","0","","","28.78"
"Love","Amariah","Plan B","E","2","2","0","0.00","0","0","","2","0","0.00","123","980","23.90","49.835","88","88","","","","-","0","0","0","0","0","0","0","0","0","0","0","0","0","","0","24","0.00","0","","","24.05"
"Mabry","Tyler","Darty Rotten Scoundrels","A","2","5","2","40.00","2","1","50.00","3","1","33.33","193","2473","38.44","56.002","140","140","","","16","39","5","2","0","580","5","0","2","0","0","3","0","2","0","9","2","34","5.88","0","","","38.22"
"Mattiaccio","Novarah","Plan B","E","1","1","0","0.00","1","0","0.00","0","0","","93","499","16.10","31.67","50","33","","","","-","0","0","0","0","0","0","0","0","0","0","0","0","0","","0","21","0.00","0","","","16.16"
"McClatchey","Andy","We're Sexy and We Throw It","A","10","25","8","32.00","14","7","50.00","11","1","9.09","699","11172","47.95","55.066","150","101","","","52","18","16","1","0","1716","19","3","1","0","0","12","3","1","0","29.5","8","76","10.53","0","","","50.55"
"McClellan","Mike","Turtle Tantrum Dart Club","D","8","8","6","75.00","5","3","60.00","3","3","100.00","372","3996","32.23","42.085","138","81","","","44","29","6","0","0","638","5","0","1","0","0","5","1","0","0","19.3333","6","62","9.68","2","22","9.09","29.63"
"McCoy","Patrick","Darty Rotten Scoundrels","A","9","25","13","52.00","14","9","64.29","11","4","36.36","668","12108","54.38","58.774","180","135","","","74","16","21","5","1","2448","16","3","5","0","1","12","4","4","0","23.7692","13","74","17.57","0","","","50.91"
"McGlamery","Ben","Paul Dart Mall Cop","A","6","13","6","46.15","7","4","57.14","6","2","33.33","368","6102","49.74","56.359231","140","100","","","50","25","10","3","0","1120","9","0","3","0","0","7","0","3","0","26.6667","6","39","15.38","0","","","49.30"
"McIlrath","Bretton","Gatitos de la Muerte","C","10","10","6","60.00","7","5","71.43","3","1","33.33","363","4890","40.41","46.467","100","85","","","40","29","2","0","0","200","3","0","0","0","0","2","0","0","0","30.5","6","47","12.77","0","","","38.06"
"McIntosh","Andrew","Paul Dart Mall Cop","A","2","5","1","20.00","2","0","0.00","3","1","33.33","167","2143","38.50","40.334","87","64","","","35","38","0","0","0","0","0","0","0","0","0","0","0","0","0","35","1","13","7.69","0","","","43.16"
"McLaurin","Josh","MBT20","C","1","1","0","0.00","0","0","","1","0","0.00","27","461","51.22","37.33","100","30","","","","-","1","0","0","100","1","0","0","0","0","1","0","0","0","","0","2","0.00","0","","","53.68"
"McNamara","Chrissy","Dartsiders","E","7","7","3","42.86","3","2","66.67","4","1","25.00","396","3382","25.62","32.094286","99","50","","","40","45","0","0","0","0","1","0","0","0","0","0","0","0","0","14.6667","3","61","4.92","0","","","26.34"
"McNutt","Hayley","USS Big Hard","C","","","","","","","","0","","","","","-","","","","","","","","","","","","","","","","","","","","","","","","","","","","-"
"Miller","Jonathan","Dartsiders","E","6","6","4","66.67","4","3","75.00","2","1","50.00","270","2975","33.06","43.611667","121","73","","","34","41","1","0","0","121","0","1","0","0","0","0","1","0","0","17.25","4","43","9.30","0","","","32.85"
"Mistretta","Andrew","Darty Birds","B","8","21","6","28.57","10","3","30.00","11","3","27.27","817","9370","34.41","41.318571","133","133","","","26","28","2","0","0","250","3","1","1","0","0","1","1","0","0","14.3333","6","96","6.25","0","","","37.91"
"Miteff","Katt","USS Big Hard","C","6","6","1","16.67","3","0","0.00","3","1","33.33","238","2594","32.70","40.335","97","63","","","14","34","0","0","0","0","1","0","0","0","0","0","0","0","0","14","1","28","3.57","0","","","37.38"
"Moreno","Carlos","Who Darted?","E","4","4","3","75.00","2","2","100.00","2","1","50.00","167","1972","35.43","45.835","95","45","","","15","32","0","0","0","0","2","0","0","0","0","0","0","0","0","8.6667","3","24","12.50","0","","","31.08"
"Moricle","Julie","Plan B","E","4","4","1","25.00","1","1","100.00","3","0","0.00","260","1880","21.69","32","81","39","","","5","71","0","0","0","0","0","0","0","0","0","0","0","0","0","5","1","48","2.08","0","","","22.73"
"Moricle","Wade","Menace II Sobriety","A","6","15","8","53.33","6","4","66.67","9","4","44.44","508","6880","40.63","46.332667","133","81","","","38","25","4","0","0","485","5","1","2","0","0","2","2","0","0","17.75","8","68","11.76","0","","","41.84"
"Mosteller","Rodney","Dirty Darters","B","1","3","1","33.33","2","0","0.00","1","1","100.00","141","1434","30.51","40.663333","131","51","","","8","51","1","0","0","131","1","1","0","0","0","0","1","0","0","8","1","22","4.55","0","","","32.40"
"Murphy","Ryan","Projectile Dysfunction","A","7","19","7","36.84","10","6","60.00","9","1","11.11","585","8109","41.58","50.613684","140","100","","","40","28","7","1","0","773","7","1","1","0","0","5","1","1","0","24","7","68","10.29","0","","","46.13"
"Myers","Jennie","Plan B","E","2","2","1","50.00","0","0","","2","1","50.00","124","989","23.93","31.5","100","47","","","2","70","1","0","0","100","1","0","0","0","0","1","0","0","0","2","1","22","4.55","0","","","23.60"
"Neal","Jaron","Projectile Dysfunction","A","9","22","11","50.00","10","6","60.00","12","5","41.67","571","10060","52.85","57.333636","180","140","","","52","22","17","4","1","1900","15","0","3","0","1","13","0","3","0","25.5455","11","53","20.75","0","","","52.78"
"Newsome","Brian","Gatitos de la Muerte","C","8","8","2","25.00","2","1","50.00","6","1","16.67","287","3593","37.56","38.3325","124","73","","","42","32","1","0","0","124","2","1","0","0","0","0","1","0","0","35","2","29","6.90","0","","","40.13"
"Newsome","Stephanie","Gatitos de la Muerte","C","5","5","1","20.00","3","1","33.33","2","0","0.00","205","2120","31.02","39.466","66","57","","","4","61","0","0","0","0","0","0","0","0","0","0","0","0","0","4","1","21","4.76","0","","","36.61"
"Nicholaus","Artie","Dart Bags","D","7","7","6","85.71","4","3","75.00","3","3","100.00","281","3503","37.40","41.475714","121","80","","","50","32","1","0","0","121","2","1","0","0","0","0","1","0","0","23","6","40","15.00","1","4","25.00","36.39"
"Pasley","Shawn","Old Darty Bastards","E","8","8","4","50.00","6","4","66.67","2","0","0.00","508","3928","23.20","33.70875","98","85","","","38","42","0","0","0","0","1","0","0","0","0","0","0","0","0","13","4","91","4.40","0","","","23.76"
"Pender","Austin","Finer Points","B","2","4","4","100.00","2","2","100.00","2","2","100.00","147","2004","40.90","46","135","50","","","20","32","4","0","0","467","2","1","1","0","0","2","2","0","0","8.75","4","19","21.05","2","12","16.67","39.90"
"Pennington","Cameron","USS Big Hard","C","8","8","3","37.50","5","1","20.00","3","2","66.67","294","3856","39.35","50.665","103","103","","","40","32","5","0","0","503","6","0","0","0","0","5","0","0","0","20.6667","3","42","7.14","0","","","39.89"
"Pfleegor","Antonio","Projectile Dysfunction","A","6","14","8","57.14","7","5","71.43","7","3","42.86","355","6412","54.19","60.999286","174","100","","","89","21","9","1","0","1012","15","0","1","0","1","7","1","0","1","40","8","38","21.05","0","","","54.49"
"Poteet Storey","Paula","Dartsiders","E","8","8","4","50.00","4","3","75.00","4","1","25.00","456","3966","26.09","50.0825","119","71","","","20","43","1","0","0","119","1","1","0","0","0","1","0","0","0","9.5","4","91","4.40","0","","","25.99"
"Prestigiacomo","Joe","Throwing Shade","C","10","10","8","80.00","5","4","80.00","5","4","80.00","347","4966","42.93","52.632","150","98","","","40","26","5","1","0","592","4","2","1","0","0","2","2","1","0","19","8","48","16.67","0","","","39.88"
"Pritchett","Stephen","The Drunken Phoenix","A","4","11","6","54.55","6","4","66.67","5","2","40.00","300","5115","51.15","59.514545","140","100","","","108","26","7","2","0","788","6","0","2","0","0","5","0","2","0","44","6","35","17.14","0","","","53.81"
"Pulliam","Travis","Napoleon BonaDarte","D","10","10","7","70.00","7","5","71.43","3","2","66.67","360","4903","40.86","58.6","132","100","","","50","25","5","0","0","532","6","1","0","0","0","4","1","0","0","14.1429","7","58","12.07","0","1","0.00","37.54"
"Reis","Dave","Dart Bags","D","4","4","1","25.00","1","1","100.00","3","0","0.00","178","1841","31.03","26.5825","93","35","","","10","52","0","0","0","0","0","0","0","0","0","0","0","0","0","10","1","19","5.26","0","","","33.18"
"Reynolds","Ryan","Dart Bags","D","3","3","0","0.00","2","0","0.00","1","0","0.00","129","1457","33.88","32.776667","92","70","","","","-","0","0","0","0","0","0","0","0","0","0","0","0","0","","0","13","0.00","0","","","35.50"
"Riordan","Kevin","Yacht Dawgs","B","7","17","4","23.53","10","2","20.00","7","2","28.57","655","7351","33.67","44.177059","125","85","","","60","29","3","0","0","350","2","2","0","0","0","1","2","0","0","31.5","4","70","5.71","0","","","38.87"
"Robinson","Scott","The Drunken Phoenix","A","6","14","4","28.57","7","1","14.29","7","3","42.86","491","6500","39.71","46.738571","121","76","","","48","29","1","0","0","121","1","1","0","0","0","0","1","0","0","29","4","59","6.78","0","","","41.96"
"Rolader","Ben","USS Big Hard","C","2","2","0","0.00","1","0","0.00","1","0","0.00","51","648","38.12","29","81","45","","","","-","0","0","0","0","0","0","0","0","0","0","0","0","0","","0","0","","0","","","57.81"
"Royball","Merrick","Castleberry Hill Dart Club","D","6","6","5","83.33","2","2","100.00","4","3","75.00","237","2999","37.96","45","100","98","","","34","31","2","0","0","200","3","0","0","0","0","2","0","0","0","17.6","5","33","15.15","1","3","33.33","36.15"
"Ryan","Matty","MBT20","C","7","7","1","14.29","5","1","20.00","2","0","0.00","262","3338","38.22","51.57","140","49","","","20","25","3","1","0","355","2","1","1","0","0","2","0","1","0","20","1","34","2.94","0","","","38.91"
"Schultz","Frank","Yacht Dawgs","B","7","17","7","41.18","8","4","50.00","9","3","33.33","527","7745","44.09","47.725294","100","100","","","38","28","2","0","0","200","5","0","0","0","0","2","0","0","0","17.1429","7","60","11.67","0","","","46.31"
"Schumacher","Ryan","Dart Bags","D","8","8","6","75.00","6","5","83.33","2","1","50.00","284","3965","41.88","49.5","140","60","","","28","29","4","1","0","465","2","1","1","0","0","2","1","1","0","12","6","43","13.95","1","7","14.29","40.16"
"Shaw","Greg","USS Big Hard","C","3","3","2","66.67","2","2","100.00","1","0","0.00","88","1308","44.59","48.223333","95","95","","","49","27","0","0","0","0","1","0","0","0","0","0","0","0","0","32.5","2","9","22.22","0","","","42.11"
"Sills","Robert","MBT20","C","7","7","4","57.14","4","3","75.00","3","1","33.33","272","3350","36.95","56.617143","140","140","","","32","28","3","1","0","368","4","1","1","0","0","1","1","1","0","13.5","4","41","9.76","0","","","34.73"
"Smith","Reaghan","Dart Attacks","E","3","3","2","66.67","2","2","100.00","1","0","0.00","150","1302","26.04","54.333333","116","68","","","24","47","1","0","0","116","1","1","0","0","0","1","0","0","0","13","2","28","7.14","0","","","30.08"
"Sotolongo","Charlene","Turtle Tantrum Dart Club","D","8","8","2","25.00","2","1","50.00","6","1","16.67","398","3643","27.46","30.79375","95","53","","","40","43","0","0","0","0","1","0","0","0","0","0","0","0","0","32","2","55","3.64","1","41","2.44","29.47"
"Sprinkle","Doug","Hug a Doug","C","6","6","4","66.67","3","3","100.00","3","1","33.33","213","2883","40.61","49.72","120","100","","","63","24","4","0","0","420","4","1","0","0","0","3","1","0","0","29.5","4","26","15.38","0","","","39.25"
"Star","Jake","Needledicks","D","1","1","1","100.00","0","0","","1","1","100.00","28","501","53.68","80.33","100","60","","","20","28","1","0","0","100","1","0","0","0","0","1","0","0","0","20","1","4","25.00","0","","","36.70"
"Steadham","James","Gatitos de la Muerte","C","7","7","5","71.43","4","4","100.00","3","1","33.33","207","3251","47.12","53.808571","120","83","","","64","21","2","0","0","239","0","2","0","0","0","1","1","0","0","35.6","5","23","21.74","0","","","44.99"
"Sten","Rob","Menace II Sobriety","A","1","2","2","100.00","1","1","100.00","1","1","100.00","66","1002","45.55","35.165","92","22","","","40","31","0","0","0","0","0","0","0","0","0","0","0","0","0","30","2","8","25.00","0","","","44.18"
"Stewart","Justin","Menace II Sobriety","A","6","12","10","83.33","6","5","83.33","6","5","83.33","313","5868","56.24","57.166667","140","140","","","92","20","7","2","0","815","10","0","3","0","0","4","1","2","0","44.8","10","33","30.30","0","","","47.59"
"Storey","Ant","Dartsiders","E","8","8","5","62.50","5","3","60.00","3","2","66.67","341","3751","33.00","36.62375","100","42","","","63","33","1","0","0","100","2","0","0","0","0","1","0","0","0","32","5","49","10.20","0","","","33.22"
"Strobel","Spencer","USS Big Hard","C","1","1","0","0.00","0","0","","1","0","0.00","30","481","48.10","33.67","92","22","","","","-","0","0","0","0","0","0","0","0","0","0","0","0","0","","0","3","0.00","0","","","46.97"
"Sublett","Anthia","Who Darted?","E","3","3","2","66.67","2","1","50.00","1","1","100.00","237","1492","18.89","33.11","107","40","","","2","74","1","0","0","107","1","0","0","0","0","1","0","0","0","2","2","49","4.08","0","","","19.04"
"Tanguay","Craig","Needledicks","D","6","6","1","16.67","3","0","0.00","3","1","33.33","238","2563","32.31","38.556667","92","45","","","10","37","0","0","0","0","0","0","0","0","0","0","0","0","0","10","1","18","5.56","0","","","37.76"
"Thomas","Bruce","Projectile Dysfunction","A","5","10","6","60.00","5","3","60.00","5","3","60.00","362","4890","40.52","51","140","100","","","37","28","7","1","0","740","6","0","1","0","0","6","0","1","0","19.5","6","50","12.00","0","","","41.24"
"Thurmond","Ethan","Armed and Hammered","D","4","4","1","25.00","3","1","33.33","1","0","0.00","166","1812","32.75","41.4975","97","83","","","14","49","0","0","0","0","1","0","0","0","0","0","0","0","0","14","1","17","5.88","0","","","36.63"
"Truman","Tim","Turtle Tantrum Dart Club","D","9","9","7","77.78","4","3","75.00","5","4","80.00","439","4455","30.44","36.185556","101","81","","","87","34","1","0","0","101","2","0","0","0","0","1","0","0","0","26","7","67","10.45","1","2","50.00","30.27"
"Van De Vyver","Magda","Who Darted?","E","","","","","","","","0","","","","","-","","","","","","","","","","","","","","","","","","","","","","","","","","","","-"
"Vance","William","We're Sexy and We Throw It","A","6","15","5","33.33","6","1","16.67","9","4","44.44","508","6972","41.17","43.800667","137","95","","","60","26","3","0","0","384","6","1","2","0","0","1","2","0","0","31.2","5","54","9.26","0","","","41.82"
"Vered","Moran","UFO's","C","1","1","0","0.00","0","0","","1","0","0.00","24","321","40.13","35.67","81","24","","","","-","0","0","0","0","0","0","0","0","0","0","0","0","0","","0","0","","0","","","60.12"
"Waldorf","Nick","Old Darty Bastards","E","8","8","3","37.50","6","2","33.33","2","1","50.00","498","3983","23.99","41.75","100","52","","","24","47","1","0","0","100","3","0","0","0","0","1","0","0","0","10.6667","3","96","3.13","0","","","24.36"
"Walsh","Michael","MBT20","C","6","6","3","50.00","3","3","100.00","3","0","0.00","199","2826","42.60","44.78","123","58","","","66","30","2","0","0","233","1","1","0","0","0","1","1","0","0","28.6667","3","20","15.00","0","","","41.79"
"Wartner","Daniel","Dirty Darters","B","3","7","2","28.57","3","1","33.33","4","1","25.00","259","3247","37.61","45.855714","120","98","","","60","27","3","0","0","320","5","1","0","0","0","2","1","0","0","33","2","28","7.14","0","","","39.15"
"Watkins","Clinton","Armed and Hammered","D","2","2","2","100.00","0","0","","2","2","100.00","81","1002","37.11","36.5","105","61","","","12","34","2","0","0","205","2","0","0","0","0","2","0","0","0","12","2","15","13.33","0","","","35.57"
"Weaver","Dustin","We're Sexy and We Throw It","A","5","12","3","25.00","7","2","28.57","5","1","20.00","416","5447","39.28","41.224167","96","79","","","60","33","0","0","0","0","5","0","0","0","0","0","0","0","0","34","3","39","7.69","0","","","42.72"
"Weir","Caleb","Paul Dart Mall Cop","A","4","9","2","22.22","5","2","40.00","4","0","0.00","250","4024","48.29","49.813333","125","66","","","40","23","5","0","0","545","5","2","0","0","0","3","2","0","0","24","2","22","9.09","0","","","51.14"
"Williams","Gavin","Paul Dart Mall Cop","A","9","23","6","26.09","12","5","41.67","11","1","9.09","728","10207","42.06","51.000435","140","100","","","58","24","6","1","0","747","8","3","2","0","0","1","4","1","0","18.8333","6","80","7.50","0","","","46.47"
"Williamson","Bryan","DILLIGAF","B","3","8","6","75.00","4","3","75.00","4","3","75.00","235","3887","49.62","54.66625","140","100","","","55","20","8","2","0","903","5","1","2","0","0","5","1","2","0","25.5","6","26","23.08","0","","","42.18"
"Zeck","Eric","Napoleon BonaDarte","D","1","1","0","0.00","1","0","0.00","0","0","","45","495","33.00","33.67","78","41","","","","-","0","0","0","0","0","0","0","0","0","0","0","0","0","","0","8","0.00","0","","","33.40"
"Zz","ZZ Alternate","Castleberry Hill Dart Club","D","3","3","3","100.00","2","2","100.00","1","1","100.00","119","1503","37.89","44","100","77","","","56","30","2","0","0","200","2","0","0","0","0","2","0","0","0","37.6667","3","13","23.08","0","","","32.66"
"Zz","ZZ Alternate","Dart Bags","D","2","2","1","50.00","1","1","100.00","1","0","0.00","161","997","18.58","36.335","60","52","","","2","80","0","0","0","0","0","0","0","0","0","0","0","0","0","2","1","32","3.13","0","","","18.52"
"Zz","ZZ Alternate","Dartsiders","E","1","1","1","100.00","0","0","","1","1","100.00","93","501","16.16","35.67","83","34","","","2","93","0","0","0","0","0","0","0","0","0","0","0","0","0","2","1","22","4.55","0","","","16.10"
"Zz","ZZ Alternate","Darty Birds","B","2","5","1","20.00","3","1","33.33","2","0","0.00","176","1933","32.95","27.466","85","71","","","36","38","0","0","0","0","0","0","0","0","0","0","0","0","0","36","1","8","12.50","0","","","41.44"
"Zz","ZZ Alternate","Darty Rotten Scoundrels","A","1","3","2","66.67","1","1","100.00","2","1","50.00","114","1496","39.37","49.443333","140","140","","","4","35","1","1","0","140","1","0","1","0","0","0","0","1","0","4","2","16","12.50","0","","","38.09"
"Zz","ZZ Alternate","Dirty Darters","B","2","4","2","50.00","2","1","50.00","2","1","50.00","165","1908","34.69","31.2525","85","42","","","40","37","0","0","0","0","0","0","0","0","0","0","0","0","0","36","2","16","12.50","0","","","35.66"
"Zz","ZZ Alternate","Dissa Pointers","B","1","3","2","66.67","1","0","0.00","2","2","100.00","116","1499","38.77","40.556667","85","65","","","49","35","0","0","0","0","0","0","0","0","0","0","0","0","0","36.5","2","12","16.67","0","","","38.38"
"Zz","ZZ Alternate","Hug a Doug","C","1","1","0","0.00","1","0","0.00","0","0","","33","469","42.64","79","95","95","","","","-","0","0","0","0","2","0","0","0","0","0","0","0","0","","0","6","0.00","0","","","46.97"
"Zz","ZZ Alternate","MBT20","C","1","1","1","100.00","1","1","100.00","0","0","","23","501","65.35","84.67","140","105","","","60","23","2","1","0","245","1","0","1","0","0","1","0","1","0","60","1","4","25.00","0","","","38.00"
"Zz","ZZ Alternate","Needledicks","D","2","2","2","100.00","1","1","100.00","1","1","100.00","127","1002","23.67","52.5","95","80","","","10","43","0","0","0","0","1","0","0","0","0","0","0","0","0","8","2","28","7.14","0","","","21.36"
"Zz","ZZ Alternate","Paul Dart Mall Cop","A","3","7","2","28.57","4","2","50.00","3","0","0.00","209","3329","47.78","62.238571","125","95","","","16","25","6","0","0","646","5","2","0","0","0","4","2","0","0","10","2","28","7.14","0","","","46.52"
"Zz","ZZ Alternate","Plan B","E","1","1","1","100.00","0","0","","1","1","100.00","41","501","36.66","23.67","77","26","","","20","41","0","0","0","0","0","0","0","0","0","0","0","0","0","20","1","4","25.00","0","","","35.36"
"Zz","ZZ Alternate","Projectile Dysfunction","A","1","3","2","66.67","1","1","100.00","2","1","50.00","108","1477","41.03","57.333333","100","100","","","32","29","2","0","0","200","2","0","0","0","0","2","0","0","0","21","2","18","11.11","0","","","37.96"
"Zz","ZZ Alternate","The Drunken Phoenix","A","1","2","0","0.00","1","0","0.00","1","0","0.00","48","929","58.06","85","97","85","","","","-","0","0","0","0","3","0","0","0","0","0","0","0","0","","0","5","0.00","0","","","60.12"
"Zz","ZZ Alternate","Throwing Shade","C","1","1","0","0.00","0","0","","1","0","0.00","36","437","36.42","47","77","43","","","","-","0","0","0","0","0","0","0","0","0","0","0","0","0","","0","1","0.00","0","","","40.62"
"Zz","ZZ Alternate","UFO's","C","1","1","1","100.00","1","1","100.00","0","0","","84","501","17.89","34.67","95","3","","","2","84","0","0","0","0","1","0","0","0","0","0","0","0","0","2","1","20","5.00","0","","","18.44"
"zz","zz Alternate","Turtle Tantrum Dart Club","D","","","","","","","","0","","","","","-","","","","","","","","","","","","","","","","","","","","","","","","","","","","-"
