"Last","First","Gender","Team","Division","Matches","Legs","LWon","Legs Win","LWD","LWD Wins","WD%","LAD","LAD Wins","AD%","Darts Thrown","Marks Scored","MPR","Miss%","T&B%","5M+","7M+","5M","6M","7M","8M","9M","3B","4B","5B","6B","HT","O-MPR"
"Abreu","Melissa","F","Tempo Martelo","Coed","11","11","8","72.73","3","3","100.00","8","5","62.50","664","280","1.27","67.965361","7.23","3","0","2","1","0","0","0","0","0","0","0","0","1.16"
"Adams","Nickie","F","ATLiens","Coed","11","11","9","81.82","6","5","83.33","5","4","80.00","589","309","1.57","65.670628","10.190000000000001","5","0","3","2","0","0","0","2","0","0","0","0","1.31"
"Brighton","Gene","M","Artful Darters","Coed","11","11","0","0.00","4","0","0.00","7","0","0.00","567","214","1.13","72.42328","6.35","2","0","2","0","0","0","0","0","0","0","0","0","1.57"
"Caballero","Brook","F","We've Already Won","Coed","10","10","2","20.00","7","2","28.57","3","0","0.00","658","211","0.96","72.866261","4.26","1","0","0","1","0","0","0","1","0","0","0","1","1.16"
"Cassino","Frank","M","Don't Break My Dart","Coed","11","11","8","72.73","9","7","77.78","2","1","50.00","468","323","2.07","49.581196999999996","15.809999999999999","18","3","14","1","2","0","1","1","0","0","0","0","1.83"
"Flynn","A.C.","F","Thrown Together","Coed","8","8","3","37.50","3","2","66.67","5","1","20.00","459","201","1.31","64.056645","6.54","4","0","4","0","0","0","0","0","0","0","0","0","1.24"
"Glaw","Gus","M","Recovering Catholics","Coed","11","11","10","90.91","4","4","100.00","7","6","85.71","368","311","2.54","34.929348000000005","15.49","13","2","10","1","2","0","0","0","0","0","0","0","1.67"
"Hale","Cameron","M","No Skill, Just Luck","Coed","11","11","2","18.18","4","1","25.00","7","1","14.29","567","243","1.29","68.15343899999999","6","0","0","0","0","0","0","0","0","0","0","0","0","1.64"
"Harris","Brent","M","Snake Nation","Coed","10","10","5","50.00","4","2","50.00","6","3","50.00","611","262","1.29","65.06874","7.199999999999999","5","0","4","1","0","0","0","1","0","0","0","0","1.38"
"Harrison","Deidre","F","Stupid Triple 1","Coed","10","10","3","30.00","7","3","42.86","3","0","0.00","634","224","1.06","69.288644","4.26","1","0","1","0","0","0","0","0","0","0","0","0","1.13"
"Hartsfield","Dacey","F","Don't Break My Dart","Coed","11","11","11","100.00","10","10","100.00","1","1","100.00","474","312","1.97","59.28903","13.29","9","0","8","1","0","0","0","1","0","0","0","0","1.37"
"Haskew","Sara","F","No Bulls Hit","Coed","11","11","7","63.64","6","5","83.33","5","2","40.00","674","300","1.34","64.01632","6.529999999999999","4","2","2","0","2","0","0","0","0","0","0","0","1.28"
"Hill","Amelia","F","Snake Nation","Coed","10","10","6","60.00","4","4","100.00","6","2","33.33","566","270","1.43","61.45583","7.6","6","1","4","1","1","0","0","1","0","0","0","0","1.26"
"Holloway","Doug","M","Thrown Together","Coed","8","8","4","50.00","6","3","50.00","2","1","50.00","335","218","1.95","49.746269","13.73","5","1","4","0","0","1","0","2","0","0","0","0","1.84"
"Hutchins","James","M","ATLiens","Coed","11","11","2","18.18","2","1","50.00","9","1","11.11","515","206","1.20","69.229126","6.02","2","0","1","1","0","0","0","0","0","0","0","0","1.70"
"Kjorlien","Donald","M","We've Already Won","Coed","10","10","6","60.00","8","5","62.50","2","1","50.00","428","259","1.82","62.207944000000005","12.15","6","1","4","1","0","0","1","0","0","0","0","0","1.68"
"Lea","Dave","M","Stupid Triple 1","Coed","10","10","3","30.00","7","2","28.57","3","1","33.33","618","287","1.39","63.957929","7.12","4","0","4","0","0","0","0","0","0","0","0","0","1.50"
"McIlrath","Bretton","M","No Bulls Hit","Coed","11","11","4","36.36","5","2","40.00","6","2","33.33","549","261","1.43","62.912568","7.290000000000001","3","1","2","0","0","1","0","1","0","0","0","0","1.66"
"Moricle","Julie","F","Chute Whale","Coed","11","11","1","9.09","4","0","0.00","7","1","14.29","705","194","0.83","77.43829799999999","3.55","0","0","0","0","0","0","0","0","0","0","0","0","1.23"
"Moricle","Wade","M","Chute Whale","Coed","11","11","8","72.73","6","5","83.33","5","3","60.00","453","295","1.95","55.761589","11.26","6","3","1","2","2","0","1","2","0","0","0","0","1.56"
"Orth","Claudia","F","Artful Darters","Coed","11","11","2","18.18","2","0","0.00","9","2","22.22","736","218","0.89","72.841033","3.94","1","0","0","1","0","0","0","0","0","0","0","0","1.14"
"Sanders","Eli","F","No Skill, Just Luck","Coed","11","11","8","72.73","5","4","80.00","6","4","66.67","601","265","1.32","66.206323","7.99","2","0","2","0","0","0","0","1","0","0","0","0","1.17"
"Stewart","Justin","M","Tempo Martelo","Coed","11","11","11","100.00","4","4","100.00","7","7","100.00","426","327","2.30","55.964788999999996","15.49","9","1","6","2","1","0","0","3","1","0","0","0","1.70"
"Vazquez","Peggy","F","Recovering Catholics","Coed","11","11","3","27.27","6","3","50.00","5","0","0.00","816","272","1.00","72.224265","4.78","3","0","2","1","0","0","0","0","0","0","0","0","1.16"
