"Last","First","Gender","Team","Division","Matches","Legs","LWon","Legs Win","LWD","LWD Wins","WD%","LAD","LAD Wins","AD%","Darts Thrown","Points Scored","3DA","First 9","HTurn","HSI","HDIT","HDI","HDO","100+","140+","180","Ton Points","T95_113","T14_32","T33_51","T52_70","T71_80","T00_19","T20_39","T40_59","T60_79","Avg Fin","CO Darts","CO Opp","CO Turn %","Tracked Legs","CO Att","CO %","O-3DA"
"Abreu","Melissa","F","Tempo Martelo","Coed","11","11","6","54.55","6","3","50.00","5","3","60.00","579","5277","27.34","35.272727","118","73","","","55","2","0","0","223","2","1","0","0","0","2","0","0","0","15.5","6","86","6.98","0","","","28.33"
"Adams","Nickie","F","ATLiens","Coed","10","10","6","60.00","7","5","71.43","3","1","33.33","526","4980","28.40","46.665","140","63","","","16","5","1","0","548","5","0","1","0","0","4","0","1","0","8.3333","6","96","6.25","0","","","27.66"
"Brighton","Gene","M","Artful Darters","Coed","11","11","2","18.18","3","2","66.67","8","0","0.00","378","4891","38.82","45.452727","121","58","","","14","1","0","0","121","2","1","0","0","0","0","1","0","0","9","2","40","5.00","0","","","41.76"
"Busha","Shelby","F","Andrew and Shelby","Coed","9","9","3","33.33","4","1","25.00","5","2","40.00","431","4223","29.39","38.704444","115","46","","","8","2","0","0","215","1","1","0","0","0","2","0","0","0","4","3","64","4.69","0","0","","31.26"
"Caballero","Brook","F","We've Already Won","Coed","9","10","3","30.00","3","0","0.00","7","3","42.86","553","4809","26.09","39.135","98","85","","","40","0","0","0","0","3","0","0","0","0","0","0","0","0","32","3","99","3.03","0","3","0.00","25.68"
"Cassino","Frank","M","Don't Break My Dart","Coed","11","11","9","81.82","6","5","83.33","5","4","80.00","324","5119","47.40","53.09","140","100","","","40","10","1","0","1094","9","1","2","0","0","8","1","1","0","20.8889","9","38","23.68","0","","","45.61"
"Cates","Charlie","M","College of Dart and Resign","Coed","11","11","6","54.55","5","4","80.00","6","2","33.33","400","5216","39.12","57.788182","134","100","","","63","8","0","0","866","8","1","1","0","0","6","2","0","0","22.8333","6","63","9.52","0","","","39.54"
"Cutcher","Andrew","M","Andrew and Shelby","Coed","9","9","7","77.78","6","6","100.00","3","1","33.33","258","4343","50.50","62.295556","140","93","","","120","7","2","0","861","4","2","3","0","0","2","3","2","0","35.7143","7","29","24.14","0","","","41.45"
"Flynn","A.C.","F","Thrown Together","Coed","10","10","3","30.00","6","3","50.00","4","0","0.00","543","4841","26.75","45.201","110","110","","","36","1","0","0","110","3","0","0","0","0","1","0","0","0","13.6667","3","100","3.00","0","0","","27.60"
"Glaw","Gus","M","Recovering Catholics","Coed","11","11","10","90.91","9","8","88.89","2","2","100.00","298","5443","54.80","61.848182","140","100","","","57","8","2","0","954","9","0","4","0","0","4","2","2","0","26.3","10","35","28.57","0","","","45.05"
"Harrison","Deidre","F","Stupid Triple 1","Coed","11","11","4","36.36","5","0","0.00","6","4","66.67","563","5145","27.42","36.878182","97","62","","","43","0","0","0","0","1","0","0","0","0","0","0","0","0","21.25","4","77","5.19","0","0","","28.95"
"Hartsfield","Dacey","F","Don't Break My Dart","Coed","11","11","9","81.82","6","6","100.00","5","3","60.00","382","5489","43.11","46.939091","140","81","","","40","4","1","0","478","6","0","2","0","0","2","1","1","0","23.1111","9","55","16.36","1","14","7.14","35.34"
"Haskew","Sara","F","No Bulls Hit","Coed","11","11","9","81.82","8","6","75.00","3","3","100.00","443","5443","36.86","46.090909","115","97","","","40","1","0","0","115","3","1","0","0","0","1","0","0","0","18.3333","9","60","15.00","1","3","33.33","32.23"
"Holloway","Doug","M","Thrown Together","Coed","10","10","7","70.00","5","5","100.00","5","2","40.00","315","4887","46.54","52.866","125","100","","","92","4","0","0","448","5","2","0","0","0","2","2","0","0","37.4286","7","36","19.44","0","","","39.96"
"Hutchins","James","M","ATLiens","Coed","10","10","3","30.00","6","3","50.00","4","0","0.00","351","4406","37.66","41.567","98","52","","","32","0","0","0","0","4","0","0","0","0","0","0","0","0","18.6667","3","30","10.00","0","","","42.48"
"Kjorlien","Donald","M","We've Already Won","Coed","9","9","3","33.33","2","1","50.00","7","2","28.57","332","4099","37.04","46.035556","135","135","","","40","2","0","0","235","1","0","1","0","0","1","1","0","0","18.6667","3","36","8.33","0","","","39.11"
"Lea","Dave","M","Stupid Triple 1","Coed","11","11","2","18.18","2","1","50.00","9","1","11.11","421","3885","27.68","34.576364","98","55","","","32","0","0","0","0","1","0","0","0","0","0","0","0","0","18","2","39","5.13","0","","","38.26"
"McIlrath","Bretton","M","No Bulls Hit","Coed","11","11","2","18.18","5","1","20.00","6","1","16.67","409","4766","34.96","34.85","140","57","","","28","2","1","0","261","1","1","1","0","0","0","1","1","0","20","2","32","6.25","0","","","39.14"
"Moricle","Julie","F","Chute Whale","Coed","11","11","3","27.27","7","2","28.57","4","1","25.00","606","5095","25.22","31.09","81","55","","","6","0","0","0","0","0","0","0","0","0","0","0","0","0","4","3","96","3.13","0","0","","27.34"
"Moricle","Wade","M","Chute Whale","Coed","11","11","4","36.36","6","4","66.67","5","0","0.00","358","5003","41.92","45.301818","122","79","","","59","2","0","0","222","2","1","0","0","0","1","1","0","0","27","4","31","12.90","0","","","42.77"
"Orth","Claudia","F","Artful Darters","Coed","11","11","2","18.18","3","1","33.33","8","1","12.50","544","4975","27.44","34.514545","99","45","","","6","0","0","0","0","1","0","0","0","0","0","0","0","0","5","2","73","2.74","0","0","","29.70"
"Stewart","Justin","M","Tempo Martelo","Coed","11","11","8","72.73","8","7","87.50","3","1","33.33","326","5356","49.29","57.666364","180","81","","","84","9","2","1","1091","6","1","2","0","1","5","2","1","0","19.75","8","40","20.00","0","","","42.83"
"Vazquez","Peggy","F","Recovering Catholics","Coed","11","11","8","72.73","4","4","100.00","7","4","57.14","603","5357","26.65","38.06","98","78","","","40","0","0","0","0","1","0","0","0","0","0","0","0","0","11.375","8","105","7.62","6","19","31.58","26.40"
"Wyman","Katie","F","College of Dart and Resign","Coed","11","11","7","63.64","5","5","100.00","6","2","33.33","542","5115","28.31","36.818182","140","60","","","36","3","1","0","398","2","1","2","0","0","0","2","1","0","14","7","90","7.78","0","","","29.47"
