"Last","First","Team","Division","Matches","Legs","LWon","Legs Win","LWD","LWD Wins","WD%","LAD","LAD Wins","AD%","Darts Thrown","Marks Scored","MPR","Miss%","T&B%","5M+","7M+","5M","6M","7M","8M","9M","3B","4B","5B","6B","HT","O-MPR"
"Adams","Adrian","Inner Voice","C","3","3","0","0.00","1","0","0.00","2","0","0.00","162","61","1.13","73.092593","5.56","0","0","0","0","0","0","0","0","0","0","0","0","1.50"
"Adams","Nickie","Dissa Pointers","B","10","10","2","20.00","3","1","33.33","7","1","14.29","492","249","1.52","65.384146","8.33","5","0","4","1","0","0","0","3","0","0","0","0","1.70"
"Adams","Shayne","We're Sexy and We Throw It","B","5","5","4","80.00","3","2","66.67","2","2","100.00","238","135","1.70","65.10084","11.76","2","0","1","1","0","0","0","1","0","0","0","0","1.59"
"Ahmad","Sabah","Yacht Dawgs","A","9","23","11","47.83","12","7","58.33","11","4","36.36","899","636","2.12","41.87208","10.459999999999999","22","1","20","1","1","0","0","3","1","0","0","0","2.08"
"Albert","Duncan","Dirty Darters","B","6","6","2","33.33","1","0","0.00","5","2","40.00","257","135","1.58","59.953307","8.95","4","0","3","1","0","0","0","0","0","0","0","0","1.72"
"Allred","Conner","The Drunken Phoenix","B","3","3","3","100.00","3","3","100.00","0","0","","109","76","2.09","48.321101","12.839999999999998","2","0","2","0","0","0","0","0","0","0","0","0","1.51"
"Alvarez","Lauren","Gatitos de la Muerte","C","1","1","0","0.00","0","0","","1","0","0.00","51","12","0.71","78","1.96","0","0","0","0","0","0","0","0","0","0","0","0","1.39"
"Amedeo","Paul","Inner Voice","C","8","9","9","100.00","7","7","100.00","2","2","100.00","443","269","1.82","50.349887","10.84","8","1","6","1","1","0","0","0","0","0","0","0","1.48"
"Andre","Myles","Dart Bags","D","5","5","2","40.00","3","1","33.33","2","1","50.00","314","133","1.27","65.76751599999999","8.92","4","0","4","0","0","0","0","1","0","0","0","0","1.35"
"Angeramo","Nick","Armed and Hammered","D","4","7","3","42.86","4","3","75.00","3","0","0.00","365","160","1.32","62.99726","7.12","2","1","1","0","1","0","0","1","0","0","0","0","1.52"
"Appiah","Phillip","Treble Makers","A","8","21","8","38.10","11","3","27.27","10","5","50.00","787","608","2.32","53.200762000000005","18.17","20","0","18","2","0","0","0","5","0","0","0","1","2.30"
"Bailey","Matt","Darty Birds","B","8","15","10","66.67","8","6","75.00","7","4","57.14","546","412","2.26","37.622710999999995","12.45","10","0","8","2","0","0","0","6","0","0","0","0","2.06"
"Barksdale","Sam","Dissa Pointers","B","9","9","5","55.56","3","2","66.67","6","3","50.00","414","225","1.63","56.376812","8.450000000000001","5","0","4","1","0","0","0","0","0","0","0","0","1.56"
"Bauer","Spencer","USS Big Hard","C","10","10","3","30.00","4","2","50.00","6","1","16.67","543","232","1.28","66.21547","6.81","2","1","1","0","0","0","1","1","0","0","0","0","1.39"
"Bekiares","Jeff","Yacht Dawgs","A","5","10","0","0.00","5","0","0.00","5","0","0.00","393","228","1.74","63.152671999999995","10.18","8","0","8","0","0","0","0","1","0","0","0","0","2.30"
"Benkeser","Dave","Darty Birds","B","9","16","9","56.25","7","6","85.71","9","3","33.33","588","417","2.13","43.319728000000005","12.41","16","1","12","3","1","0","0","1","0","0","0","0","2.03"
"Bernhard","Connor","Dirty Darters","B","6","6","5","83.33","4","4","100.00","2","1","50.00","271","175","1.94","49.250923","12.55","5","0","4","1","0","0","0","2","0","0","0","0","1.54"
"Blackburn","Steve","Menace II Sobriety","A","2","4","0","0.00","2","0","0.00","2","0","0.00","180","109","1.82","65.31666700000001","12.22","3","2","1","0","2","0","0","1","0","0","0","0","2.15"
"Blackman","Derrick","Dart Bags","D","8","10","5","50.00","4","2","50.00","6","3","50.00","478","246","1.54","58.59205000000001","9.62","4","0","4","0","0","0","0","0","0","0","0","0","1.42"
"Boley","Jason","UFO's","D","7","8","6","75.00","6","4","66.67","2","2","100.00","350","207","1.77","49.948570999999994","7.430000000000001","4","1","2","1","1","0","0","0","0","0","0","0","1.47"
"Brantley","Grant","MBT20","D","5","5","3","60.00","3","2","66.67","2","1","50.00","289","128","1.33","61.99654","6.569999999999999","2","1","1","0","1","0","0","0","0","0","0","0","1.08"
"Bronstein","Neil","Menace II Sobriety","A","10","23","18","78.26","13","11","84.62","10","7","70.00","773","698","2.71","36.148771","19.15","31","12","13","6","12","0","0","5","0","0","0","1","2.19"
"Buckley","Buck","Paul Dart Mall Cop","A","9","21","8","38.10","11","5","45.45","10","3","30.00","705","586","2.49","55.356028","20.28","28","2","22","4","1","0","1","4","1","0","0","1","2.65"
"Buehler","Stephanie","Armed and Hammered","D","4","4","0","0.00","0","0","","4","0","0.00","258","72","0.84","76.02325599999999","3.88","0","0","0","0","0","0","0","0","0","0","0","0","1.26"
"Cartin","Matt","Gatitos de la Muerte","C","1","1","1","100.00","1","1","100.00","0","0","","68","30","1.32","68","8.82","0","0","0","0","0","0","0","0","0","0","0","0","1.32"
"Cassino","Frank","The Drunken Phoenix","B","9","20","11","55.00","10","6","60.00","10","5","50.00","942","659","2.10","47.729299000000005","14.540000000000001","20","1","15","4","0","0","1","1","3","0","0","2","2.05"
"Cates","Charlie","Poker, We Don't Know Her","C","8","16","12","75.00","9","8","88.89","7","4","57.14","650","418","1.93","48.929230999999994","13.69","14","3","9","2","3","0","0","1","1","0","0","0","1.65"
"Chance","Sean","Poker, We Don't Know Her","C","8","10","6","60.00","6","3","50.00","4","3","75.00","512","273","1.60","56.49804700000001","10.35","8","1","5","2","1","0","0","0","0","0","0","0","1.54"
"Clayton","Ben","UFO's","D","6","6","3","50.00","4","3","75.00","2","0","0.00","246","130","1.59","58.195122","11.379999999999999","1","0","1","0","0","0","0","1","0","0","0","0","1.70"
"Cloutier","Paul","Dart Attacks","D","10","10","4","40.00","4","1","25.00","6","3","50.00","613","238","1.16","67.722675","5.220000000000001","1","0","1","0","0","0","0","2","0","0","0","0","1.37"
"Cullen","Emory","Poker, We Don't Know Her","C","6","8","2","25.00","5","2","40.00","3","0","0.00","345","181","1.57","58.017391","12.46","4","0","2","2","0","0","0","0","0","0","0","0","1.84"
"Cyr","Lindsey","Armed and Hammered","D","5","5","3","60.00","2","1","50.00","3","2","66.67","391","137","1.05","72.877238","5.63","1","0","1","0","0","0","0","2","0","0","0","0","0.98"
"Davis","Jim","Treble Makers","A","4","8","0","0.00","4","0","0.00","4","0","0.00","315","213","2.03","52.533333000000006","12.379999999999999","6","1","4","1","1","0","0","0","2","0","0","0","2.50"
"Demarco","Nick","Projectile Dysfunction","B","8","9","8","88.89","5","4","80.00","4","4","100.00","453","249","1.65","63.503311","10.6","2","0","2","0","0","0","0","1","0","0","0","0","1.39"
"Dowell","Lindsey","UFO's","D","2","2","0","0.00","1","0","0.00","1","0","0.00","90","41","1.37","61.1","4.44","0","0","0","0","0","0","0","0","0","0","0","0","1.83"
"Dryden","Michael","UFO's","D","2","2","1","50.00","1","1","100.00","1","0","0.00","135","43","0.96","73","4.44","0","0","0","0","0","0","0","0","0","0","0","0","1.02"
"Eader","Ted","Dirty Darters","B","2","2","1","50.00","0","0","","2","1","50.00","98","52","1.59","60.21428600000001","9.180000000000001","3","0","3","0","0","0","0","0","0","0","0","0","1.22"
"Elizondo","Brendan","Projectile Dysfunction","B","9","9","4","44.44","6","4","66.67","3","0","0.00","497","215","1.30","69.43661999999999","7.04","3","1","2","0","1","0","0","1","0","0","0","0","1.47"
"Evans","Ryan","Dart Attacks","D","10","10","1","10.00","2","1","50.00","8","0","0.00","545","157","0.86","76.697248","3.85","2","0","2","0","0","0","0","0","0","0","0","0","1.45"
"Farmer","Sam","Needledicks","D","10","10","1","10.00","4","1","25.00","6","0","0.00","753","258","1.03","72.482072","4.52","2","0","2","0","0","0","0","0","0","0","0","0","1.23"
"Feki","Steven","Dissa Pointers","B","9","19","2","10.53","10","2","20.00","9","0","0.00","734","451","1.84","51.869209999999995","9.81","10","1","4","5","1","0","0","3","0","0","0","0","2.42"
"Forbes","Thomas","Dart Attacks","D","10","11","2","18.18","5","1","20.00","6","1","16.67","594","231","1.17","72.104377","5.050000000000001","2","0","1","1","0","0","0","0","0","0","0","0","1.55"
"Fortune","Erica","Gatitos de la Muerte","C","7","7","1","14.29","3","1","33.33","4","0","0.00","337","125","1.11","68.284866","5.93","1","0","1","0","0","0","0","1","0","0","0","0","1.57"
"Gallagher","Amber","Gatitos de la Muerte","C","4","4","0","0.00","0","0","","4","0","0.00","186","65","1.05","73.709677","4.84","1","1","0","0","1","0","0","0","0","0","0","0","1.59"
"Gandee","Todd","Poker, We Don't Know Her","C","4","4","3","75.00","2","2","100.00","2","1","50.00","203","100","1.48","62.039409","9.36","1","0","1","0","0","0","0","0","1","0","0","0","1.36"
"Gauthier","Jacob","We're Sexy and We Throw It","B","8","17","13","76.47","8","8","100.00","9","5","55.56","640","543","2.55","33.487500000000004","13.59","20","5","13","2","4","0","1","2","1","0","0","0","2.09"
"Gendo","Krisna","Yacht Dawgs","A","8","17","5","29.41","9","2","22.22","8","3","37.50","690","432","1.88","51.24058","12.46","8","0","5","3","0","0","0","6","1","0","0","0","2.25"
"Gentry","Mike","No Mas","A","7","16","14","87.50","8","7","87.50","8","7","87.50","490","504","3.09","38.526531","26.529999999999998","32","6","20","6","5","0","1","5","2","0","0","0","2.42"
"Glaw","Gus","Menace II Sobriety","A","10","28","17","60.71","12","9","75.00","16","8","50.00","1014","948","2.80","31.863905000000003","19.23","54","14","30","10","14","0","0","7","0","0","0","4","2.66"
"Goodrich","Eric","Dirty Darters","B","10","22","17","77.27","12","11","91.67","10","6","60.00","900","684","2.28","39.054444","13.11","27","3","21","3","3","0","0","5","1","0","0","2","1.98"
"Goome","Patrick","Treble Makers","A","8","20","9","45.00","11","7","63.64","9","2","22.22","735","584","2.38","38.82721099999999","15.509999999999998","23","8","13","2","7","0","1","4","2","0","0","1","2.51"
"Gordon","Jeff","UFO's","D","1","1","1","100.00","0","0","","1","1","100.00","74","36","1.46","59.00000000000001","6.76","0","0","0","0","0","0","0","0","0","0","0","0","1.20"
"Gover","Mike","UFO's","D","8","8","7","87.50","5","5","100.00","3","2","66.67","542","245","1.36","61.17896700000001","7.380000000000001","5","0","4","1","0","0","0","1","0","0","0","1","1.17"
"Graham","Robert","Paul Dart Mall Cop","A","9","25","10","40.00","9","5","55.56","16","5","31.25","879","619","2.11","42.319680999999996","11.72","20","0","15","5","0","0","0","7","0","0","0","1","2.32"
"Granade","Paul","Gatitos de la Muerte","C","3","3","0","0.00","2","0","0.00","1","0","0.00","144","53","1.10","74.291667","5.56","0","0","0","0","0","0","0","0","0","0","0","0","1.64"
"Haase","Chad","Armed and Hammered","D","2","2","0","0.00","1","0","0.00","1","0","0.00","150","50","1.00","74.54","5.33","0","0","0","0","0","0","0","0","0","0","0","0","1.15"
"Hall","Matt","Off in the Woods","C","4","4","1","25.00","0","0","","4","1","25.00","250","98","1.18","67.93599999999999","6","1","0","1","0","0","0","0","0","0","0","0","0","1.28"
"Hankins","Jamila","Darty Rotten Scoundrels","A","2","5","1","20.00","3","0","0.00","2","1","50.00","265","137","1.55","66.89434000000001","9.43","4","0","4","0","0","0","0","0","0","0","0","0","1.79"
"Hankinson","Rede","No Mas","A","7","15","10","66.67","8","5","62.50","7","5","71.43","615","502","2.45","36.414634","14.63","21","5","14","2","5","0","0","2","3","0","0","2","2.39"
"Hansen","Binz","Darty Rotten Scoundrels","A","10","25","17","68.00","12","9","75.00","13","8","61.54","860","777","2.71","34.374419","19.88","43","5","32","6","4","0","1","8","2","1","0","2","2.60"
"Hansen","Ryan","Darty Rotten Scoundrels","A","10","22","19","86.36","12","10","83.33","10","9","90.00","713","614","2.58","48.837306999999996","21.88","28","7","17","4","7","0","0","7","0","0","0","0","2.05"
"Harris","Brent","Castleberry Hill Dart Club","C","9","9","3","33.33","6","3","50.00","3","0","0.00","466","202","1.30","64.22532199999999","7.7299999999999995","3","1","1","1","0","0","1","2","0","0","0","0","1.55"
"Haskew","Sara","Castleberry Hill Dart Club","C","8","8","7","87.50","5","5","100.00","3","2","66.67","452","239","1.59","56.902655","7.08","3","0","3","0","0","0","0","1","0","0","0","0","1.26"
"Hidock","Tom","Menace II Sobriety","A","8","21","11","52.38","11","7","63.64","10","4","40.00","736","632","2.58","33.474185","16.98","28","5","19","4","5","0","0","9","0","0","0","1","2.61"
"Hieserman","Bryan","The Drunken Phoenix","B","6","6","4","66.67","3","3","100.00","3","1","33.33","307","170","1.66","55.117264","9.77","2","0","1","1","0","0","0","1","1","0","0","1","1.63"
"Hill","Amelia","Castleberry Hill Dart Club","C","9","18","4","22.22","9","3","33.33","9","1","11.11","781","425","1.63","55.357234","7.68","8","2","4","2","2","0","0","2","1","0","0","0","1.90"
"Hoadley","Jimy","Treble Makers","A","5","13","5","38.46","7","4","57.14","6","1","16.67","452","376","2.50","34.913717","14.16","20","2","16","2","2","0","0","1","0","0","0","0","2.58"
"Hodack","Don","The Drunken Phoenix","B","1","1","1","100.00","0","0","","1","1","100.00","62","34","1.65","56.00000000000001","8.06","1","0","1","0","0","0","0","0","0","0","0","0","1.38"
"Holloway","Doug","USS Big Hard","C","9","19","14","73.68","10","8","80.00","9","6","66.67","706","497","2.11","45.77762","14.02","13","3","10","0","3","0","0","4","1","0","0","1","1.87"
"Hon","PJ","No Mas","A","5","12","3","25.00","6","1","16.67","6","2","33.33","545","370","2.04","49.33577999999999","12.479999999999999","12","1","9","2","1","0","0","5","0","1","0","1","2.35"
"Hooten","David","Darty Birds","B","7","7","2","28.57","2","0","0.00","5","2","40.00","334","159","1.43","61.278443","6.890000000000001","1","0","0","1","0","0","0","0","0","0","0","0","1.54"
"Horton","Ali","Needledicks","D","2","2","0","0.00","0","0","","2","0","0.00","93","42","1.35","63.645160999999995","8.6","0","0","0","0","0","0","0","0","0","0","0","0","1.59"
"Horton","Jimmy","Needledicks","D","5","6","4","66.67","5","3","60.00","1","1","100.00","360","180","1.50","57.716667","7.5","1","0","1","0","0","0","0","0","0","0","0","0","1.46"
"Hutchins","James","Dissa Pointers","B","5","5","1","20.00","2","1","50.00","3","0","0.00","238","85","1.07","66.567227","3.7800000000000002","0","0","0","0","0","0","0","0","0","0","0","0","1.46"
"Johnson","Josh","Inner Voice","C","3","3","3","100.00","3","3","100.00","0","0","","136","79","1.74","60.757353","8.82","1","0","1","0","0","0","0","0","0","0","0","0","1.16"
"Jones","Chris","Poker, We Don't Know Her","C","9","9","2","22.22","2","0","0.00","7","2","28.57","486","194","1.20","68.45061700000001","6.79","0","0","0","0","0","0","0","0","0","0","0","0","1.48"
"Jones","Scott","UFO's","D","1","1","1","100.00","1","1","100.00","0","0","","74","29","1.18","70","9.46","0","0","0","0","0","0","0","0","0","0","0","0","0.92"
"Jordan","Dave","No Mas","A","7","18","7","38.89","9","6","66.67","9","1","11.11","648","493","2.28","41.041667000000004","14.97","20","2","14","4","2","0","0","0","0","0","0","0","2.18"
"Kendrick","Joed","Inner Voice","C","6","6","5","83.33","4","3","75.00","2","2","100.00","320","160","1.50","59.828125","11.559999999999999","4","0","3","1","0","0","0","1","0","0","0","1","1.24"
"Kerekes","Tom","Needledicks","D","9","10","8","80.00","3","3","100.00","7","5","71.43","551","269","1.46","62.196006999999994","7.8","3","0","3","0","0","0","0","1","0","0","0","0","1.11"
"Khimani","Aneal","Castleberry Hill Dart Club","C","6","6","3","50.00","3","2","66.67","3","1","33.33","289","153","1.59","65.823529","8.649999999999999","3","0","3","0","0","0","0","0","0","0","0","0","1.49"
"Koppenhaver","Rob","No Mas","A","1","3","1","33.33","1","1","100.00","2","0","0.00","149","86","1.73","55.724832","10.74","4","1","2","1","1","0","0","0","0","0","0","0","1.84"
"Koth","Heather","MBT20","D","4","5","2","40.00","4","2","50.00","1","0","0.00","204","106","1.56","58.421569","7.84","0","0","0","0","0","0","0","0","0","0","0","0","1.58"
"Lambert","Wendy","Armed and Hammered","D","7","7","1","14.29","1","0","0.00","6","1","16.67","478","131","0.82","73.882845","3.9699999999999998","0","0","0","0","0","0","0","0","0","0","0","0","1.10"
"Lane","Brian","Menace II Sobriety","A","1","2","0","0.00","1","0","0.00","1","0","0.00","93","47","1.52","65.612903","8.6","0","0","0","0","0","0","0","0","0","0","0","0","2.05"
"Lane","Jamie","Treble Makers","A","6","13","8","61.54","7","5","71.43","6","3","50.00","529","385","2.18","58.238185","14.93","12","2","9","1","2","0","0","2","0","0","0","0","2.11"
"Leipow","Kevin","UFO's","D","3","3","3","100.00","3","3","100.00","0","0","","137","84","1.84","50.248175","10.22","2","0","2","0","0","0","0","1","0","0","0","0","1.30"
"Lell","Jeff","Menace II Sobriety","A","1","2","0","0.00","1","0","0.00","1","0","0.00","105","63","1.80","54.428571000000005","11.43","1","0","1","0","0","0","0","0","1","0","0","0","2.07"
"Lemmond","Nick","Dissa Pointers","B","7","8","3","37.50","6","2","33.33","2","1","50.00","375","198","1.58","64.576","10.4","2","0","2","0","0","0","0","1","1","0","0","0","1.66"
"Leonard","Max","Darty Birds","B","9","9","7","77.78","5","4","80.00","4","3","75.00","408","253","1.86","48.463235000000005","9.8","3","2","1","0","2","0","0","0","1","0","0","1","1.60"
"Linn","Jeff","Inner Voice","C","6","6","6","100.00","3","3","100.00","3","3","100.00","258","163","1.90","52.965116","12.02","3","0","2","1","0","0","0","1","0","0","0","0","1.40"
"London","Leanna","Dart Attacks","D","1","1","0","0.00","0","0","","1","0","0.00","48","19","1.19","71","6.25","1","0","1","0","0","0","0","0","0","0","0","0","1.59"
"Lueder","Doug","UFO's","D","4","4","2","50.00","3","1","33.33","1","1","100.00","269","117","1.30","64.836431","6.32","4","0","2","2","0","0","0","0","0","0","0","0","1.32"
"Mabry","Tyler","Darty Rotten Scoundrels","A","9","19","11","57.89","10","6","60.00","9","5","55.56","716","542","2.27","55.976257","16.48","18","3","12","3","3","0","0","6","1","0","0","0","2.15"
"Malesevic","Miro","Off in the Woods","C","8","8","5","62.50","4","3","75.00","4","2","50.00","381","192","1.51","57.992126","6.3","4","0","4","0","0","0","0","0","0","0","0","0","1.54"
"McClatchey","Andy","We're Sexy and We Throw It","B","10","13","5","38.46","8","2","25.00","5","3","60.00","537","309","1.73","52.296089","7.82","7","1","6","0","1","0","0","0","0","0","0","0","1.79"
"McCoy","Patrick","Darty Rotten Scoundrels","A","9","21","12","57.14","11","7","63.64","10","5","50.00","775","607","2.35","39.149677000000004","14.71","21","2","17","2","2","0","0","5","1","0","0","0","2.36"
"McGlamery","Ben","Paul Dart Mall Cop","A","8","18","11","61.11","8","4","50.00","10","7","70.00","712","507","2.14","42.441010999999996","14.330000000000002","14","2","12","0","2","0","0","1","0","0","0","0","2.04"
"McIlrath","Bretton","Gatitos de la Muerte","C","8","10","4","40.00","4","2","50.00","6","2","33.33","441","235","1.60","55.453514999999996","7.71","3","1","2","0","1","0","0","0","0","0","0","0","1.63"
"McIntosh","Andrew","Paul Dart Mall Cop","A","","","","","","","","0","","","","","-","","","","","","","","","","","","","","","-"
"McLaurin","Josh","MBT20","D","6","8","5","62.50","3","3","100.00","5","2","40.00","470","213","1.36","63.087234","7.449999999999999","4","0","4","0","0","0","0","0","0","0","0","0","1.23"
"Mistretta","Andrew","Darty Birds","B","7","7","2","28.57","1","1","100.00","6","1","16.67","445","170","1.15","66.141573","4.2700000000000005","0","0","0","0","0","0","0","1","0","0","0","0","1.30"
"Mitchell","Scott","Off in the Woods","C","8","16","8","50.00","9","5","55.56","7","3","42.86","579","395","2.05","58.188255999999996","14.510000000000002","12","0","8","4","0","0","0","2","1","0","0","0","2.05"
"Miteff","Katt","USS Big Hard","C","2","2","0","0.00","2","0","0.00","0","0","","126","51","1.21","73.04761900000001","6.35","0","0","0","0","0","0","0","0","0","0","0","0","1.25"
"Moricle","Wade","Menace II Sobriety","A","4","8","0","0.00","4","0","0.00","4","0","0.00","285","145","1.53","62.094737","10.879999999999999","2","0","1","1","0","0","0","2","0","1","0","2","2.38"
"Mosteller","Rodney","Dirty Darters","B","6","6","0","0.00","1","0","0.00","5","0","0.00","375","144","1.15","71.928","6.93","1","0","1","0","0","0","0","0","0","0","0","0","1.41"
"Murphy","Ryan","Projectile Dysfunction","B","6","6","1","16.67","5","1","20.00","1","0","0.00","343","161","1.41","59.714285999999994","6.710000000000001","1","0","1","0","0","0","0","0","1","0","0","0","1.61"
"Neal","Jaron","Projectile Dysfunction","B","8","20","10","50.00","10","5","50.00","10","5","50.00","756","533","2.12","42.886243","12.43","18","1","14","3","1","0","0","3","0","0","0","1","2.15"
"Newsome","Brian","Gatitos de la Muerte","C","7","7","1","14.29","3","0","0.00","4","1","25.00","365","154","1.27","70.071233","5.21","1","0","1","0","0","0","0","0","0","0","0","0","1.56"
"Nicholaus","Artie","Dart Bags","D","8","10","8","80.00","8","7","87.50","2","1","50.00","503","283","1.69","54.075547","12.520000000000001","8","2","5","1","2","0","0","1","0","0","0","0","1.36"
"Niewoehner","Dan","Castleberry Hill Dart Club","C","8","11","4","36.36","7","3","42.86","4","1","25.00","498","268","1.61","60.889558","9.64","5","0","4","1","0","0","0","1","0","0","0","0","1.76"
"Pennington","Cameron","USS Big Hard","C","6","6","6","100.00","3","3","100.00","3","3","100.00","234","156","2.00","52.072649999999996","13.25","3","1","2","0","0","1","0","0","0","0","0","0","1.15"
"Pfleegor","Antonio","Projectile Dysfunction","B","1","2","0","0.00","1","0","0.00","1","0","0.00","81","64","2.37","40.777778","12.35","2","1","1","0","1","0","0","0","0","0","0","0","2.57"
"Pritchett","Stephen","The Drunken Phoenix","B","6","8","4","50.00","5","4","80.00","3","0","0.00","339","226","2.00","44.40708","9.44","6","0","5","1","0","0","0","0","0","0","0","0","1.94"
"Reber","Brian","Off in the Woods","C","8","8","0","0.00","2","0","0.00","6","0","0.00","339","161","1.42","59.66371699999999","4.72","2","0","1","1","0","0","0","0","0","0","0","0","1.92"
"Reis","Dave","Dart Bags","D","6","6","1","16.67","2","1","50.00","4","0","0.00","334","145","1.30","66.10778400000001","7.19","3","1","2","0","1","0","0","0","0","0","0","0","1.38"
"Reynolds","Ryan","Dart Bags","D","6","6","1","16.67","3","1","33.33","3","0","0.00","368","150","1.22","66.024457","5.9799999999999995","0","0","0","0","0","0","0","1","0","0","0","0","1.43"
"Robinson","Scott","The Drunken Phoenix","B","7","7","1","14.29","5","1","20.00","2","0","0.00","453","180","1.19","67.940397","6.18","7","2","3","2","2","0","0","0","0","0","0","0","1.42"
"Rodecker","Paul","Paul Dart Mall Cop","A","4","8","4","50.00","4","2","50.00","4","2","50.00","243","174","2.15","59.382716","16.46","4","0","3","1","0","0","0","0","1","0","0","0","2.19"
"Rolader","Ben","USS Big Hard","C","3","3","0","0.00","0","0","","3","0","0.00","186","60","0.97","77.258065","3.2300000000000004","1","0","1","0","0","0","0","0","0","0","0","0","1.44"
"Roszak","Matt","Inner Voice","C","5","5","1","20.00","1","0","0.00","4","1","25.00","265","131","1.48","68.626415","9.06","2","1","1","0","1","0","0","0","0","0","0","0","1.68"
"Royball","Merrick","Off in the Woods","C","6","6","3","50.00","1","1","100.00","5","2","40.00","267","147","1.65","57.044944","8.99","0","0","0","0","0","0","0","1","0","0","0","0","1.52"
"Ryan","Joe","Yacht Dawgs","A","6","14","6","42.86","8","4","50.00","6","2","33.33","509","402","2.37","37.82318300000001","13.36","15","1","9","5","1","0","0","2","0","0","0","1","2.45"
"Schmidt","Taylor","Dirty Darters","B","3","3","1","33.33","0","0","","3","1","33.33","153","57","1.12","71.470588","5.88","0","0","0","0","0","0","0","0","0","0","0","0","1.55"
"Schultz","Frank","Yacht Dawgs","A","8","17","10","58.82","8","5","62.50","9","5","55.56","642","434","2.03","47.448598","12.31","16","1","14","1","1","0","0","1","0","0","0","0","2.03"
"Schumacher","Ryan","Dart Bags","D","6","6","4","66.67","3","2","66.67","3","2","66.67","290","150","1.55","61.462069","7.93","3","0","2","1","0","0","0","2","0","0","0","0","1.31"
"Shaw","Greg","USS Big Hard","C","8","9","8","88.89","4","3","75.00","5","5","100.00","441","262","1.78","60.927438","11.34","7","0","6","1","0","0","0","1","0","0","0","0","1.42"
"Shiptenko","Jake","Armed and Hammered","D","8","8","3","37.50","5","2","40.00","3","1","33.33","406","196","1.45","65.248768","8.870000000000001","3","0","2","1","0","0","0","0","0","0","0","0","1.39"
"Sills","Robert","MBT20","D","10","15","8","53.33","5","4","80.00","10","4","40.00","914","431","1.41","61.821663","8.64","6","0","5","1","0","0","0","0","1","0","0","0","1.37"
"Smith","Reaghan","Dart Attacks","D","7","7","3","42.86","4","2","50.00","3","1","33.33","489","176","1.08","73.380368","7.359999999999999","1","0","1","0","0","0","0","1","0","0","0","1","1.16"
"Sprinkle","Doug","Poker, We Don't Know Her","C","5","5","4","80.00","4","3","75.00","1","1","100.00","237","135","1.71","53.552743","8.86","3","0","3","0","0","0","0","0","0","0","0","0","1.38"
"Star","Jake","Needledicks","D","5","6","6","100.00","2","2","100.00","4","4","100.00","185","147","2.38","56.935135","21.08","5","0","5","0","0","0","0","0","1","0","0","0","1.21"
"Steadham","James","Gatitos de la Muerte","C","9","21","11","52.38","11","7","63.64","10","4","40.00","904","539","1.79","49.678097","10.620000000000001","5","0","5","0","0","0","0","2","0","0","0","0","1.82"
"Steinhofer","John","No Mas","A","6","14","12","85.71","7","7","100.00","7","5","71.43","454","493","3.26","26.876652","24.67","34","7","22","5","7","0","0","3","1","0","0","1","2.56"
"Sten","Rob","Menace II Sobriety","A","2","4","0","0.00","2","0","0.00","2","0","0.00","150","109","2.18","42.98","10","4","0","3","1","0","0","0","0","0","0","0","0","2.70"
"Steul","Laura","MBT20","D","6","6","4","66.67","2","2","100.00","4","2","50.00","396","169","1.28","64.79798","7.580000000000001","1","0","1","0","0","0","0","0","0","0","0","0","1.18"
"Strobel","Spencer","USS Big Hard","C","2","2","1","50.00","2","1","50.00","0","0","","85","54","1.91","42.411765","8.24","1","0","1","0","0","0","0","0","0","0","0","0","1.84"
"Suhr","Matthew","No Mas","A","3","7","2","28.57","3","0","0.00","4","2","50.00","357","192","1.61","54.669468","8.959999999999999","2","0","1","1","0","0","0","0","0","0","0","0","1.84"
"Tanguay","Craig","Needledicks","D","5","5","3","60.00","4","3","75.00","1","0","0.00","315","118","1.12","70.003175","6.67","1","0","1","0","0","0","0","0","0","0","0","0","1.17"
"Thomas","Bruce","Projectile Dysfunction","B","8","8","6","75.00","4","4","100.00","4","2","50.00","425","207","1.46","61.517647","10.12","4","1","3","0","1","0","0","0","1","0","0","1","1.48"
"Tigue","Darrin","The Drunken Phoenix","B","8","8","5","62.50","4","3","75.00","4","2","50.00","386","243","1.89","50.823834","11.14","6","1","5","0","0","0","1","1","0","0","0","0","1.69"
"Vance","William","We're Sexy and We Throw It","B","9","9","4","44.44","5","4","80.00","4","0","0.00","365","213","1.75","52.210959","12.049999999999999","4","0","2","2","0","0","0","0","0","0","0","0","1.83"
"Vered","Moran","UFO's","D","6","8","4","50.00","5","3","60.00","3","1","33.33","478","209","1.31","62.280335","6.49","3","1","1","1","1","0","0","0","0","0","0","0","1.18"
"Walsh","Michael","MBT20","D","9","9","8","88.89","7","6","85.71","2","2","100.00","452","242","1.61","56.856195","9.51","6","0","4","2","0","0","0","2","0","0","0","0","1.31"
"Wartner","Daniel","Dirty Darters","B","7","9","2","22.22","5","1","20.00","4","1","25.00","439","215","1.47","66.535308","8.66","1","0","1","0","0","0","0","0","0","0","0","0","1.70"
"Watkins","Clinton","Armed and Hammered","D","10","10","8","80.00","6","4","66.67","4","4","100.00","525","251","1.43","61.460952","8.19","0","0","0","0","0","0","0","1","1","0","0","2","1.27"
"Weaver","Dustin","We're Sexy and We Throw It","B","7","7","4","57.14","4","2","50.00","3","2","66.67","349","191","1.64","61.42979900000001","12.32","2","0","2","0","0","0","0","1","0","0","0","0","1.55"
"Weaver","Matt","Off in the Woods","C","6","6","1","16.67","2","1","50.00","4","0","0.00","312","141","1.36","62.519231","6.7299999999999995","4","0","3","1","0","0","0","0","0","0","0","0","1.49"
"Weir","Caleb","Paul Dart Mall Cop","A","8","19","9","47.37","8","4","50.00","11","5","45.45","873","601","2.07","43.388316","10.08","15","1","13","1","1","0","0","3","0","0","0","1","2.10"
"Williams","Gavin","Paul Dart Mall Cop","A","2","4","0","0.00","2","0","0.00","2","0","0.00","126","66","1.57","67","8.73","1","0","1","0","0","0","0","0","0","0","0","0","2.46"
"Wood","Drew","Needledicks","D","2","2","1","50.00","1","1","100.00","1","0","0.00","99","48","1.45","63.545455","10.100000000000001","1","0","1","0","0","0","0","0","0","0","0","0","1.44"
"Ziegler","Tristan","Inner Voice","C","9","21","13","61.90","11","8","72.73","10","5","50.00","870","571","1.97","59.268966","12.41","21","2","15","4","2","0","0","0","0","0","0","0","1.80"
"Zz","ZZ Alternate","Dart Attacks","D","2","2","0","0.00","1","0","0.00","1","0","0.00","102","37","1.09","67.352941","2.94","0","0","0","0","0","0","0","0","0","0","0","0","1.56"
"Zz","ZZ Alternate","Dart Bags","D","1","1","1","100.00","1","1","100.00","0","0","","55","32","1.75","44.99999999999999","7.2700000000000005","1","0","1","0","0","0","0","0","0","0","0","0","1.56"
"Zz","ZZ Alternate","Menace II Sobriety","A","2","4","4","100.00","2","2","100.00","2","2","100.00","156","154","2.96","50.134615000000004","17.95","7","3","4","0","2","0","1","1","1","0","0","0","2.41"
"Zz","ZZ Alternate","Needledicks","D","2","2","0","0.00","0","0","","2","0","0.00","120","27","0.68","78.375","2.5","0","0","0","0","0","0","0","0","0","0","0","0","1.21"
"Zz","ZZ Alternate","Treble Makers","A","1","2","0","0.00","1","0","0.00","1","0","0.00","69","44","1.91","64.173913","10.14","3","1","2","0","1","0","0","0","0","0","0","0","2.35"
"Zz","ZZ Alternate","We're Sexy and We Throw It","B","1","1","0","0.00","0","0","","1","0","0.00","72","31","1.29","69","4.17","0","0","0","0","0","0","0","0","0","0","0","0","1.40"
"zz","zz Alternate","Inner Voice","C","","","","","","","","0","","","","","-","","","","","","","","","","","","","","","-"
