"Last","First","Gender","Team","Division","Legs","Matches","Sets","Legs Win","Swon","STied","Match Wins","Match Ties","Leg Losses","LW%","Set Losses","Set Win%"
"Adams","Nickie","F","Dissa Pointers","C","47","11","47","30","30","","","","17","63.83","17","63.83"
"Adams","Shayne","M","We're Sexy and We Throw It","A","41","6","26","13","7","","","","28","31.71","19","26.92"
"Ahmad","Sabah","M","Yacht Dawgs","B","48","10","47","31","31","","","","17","64.58","16","65.96"
"Albert","Duncan","M","Dirty Darters","B","37","9","37","14","14","","","","23","37.84","23","37.84"
"Allred","Conner","M","The Drunken Phoenix","B","21","7","21","14","14","","","","7","66.67","7","66.67"
"Amedeo","Paul","M","Inner Voice","C","30","7","31","21","21","","","","9","70.00","10","67.74"
"Andre","Myles","M","Dart Bags","D","58","12","58","25","25","","","","33","43.10","33","43.10"
"Angeramo","Nick","M","Armed and Hammered","D","22","5","21","12","12","","","","10","54.55","9","57.14"
"Appiah","Phillip","M","Treble Makers","A","79","11","52","49","33","","","","30","62.03","19","63.46"
"Bailey","Matt","M","Darty Birds","B","50","10","43","27","24","","","","23","54.00","19","55.81"
"Barksdale","Sam","M","Dissa Pointers","C","43","10","43","27","27","","","","16","62.79","16","62.79"
"Bauer","Spencer","M","USS Big Hard","C","36","11","36","14","14","","","","22","38.89","22","38.89"
"Bekiares","Jeff","M","Yacht Dawgs","B","50","10","50","35","35","","","","15","70.00","15","70.00"
"Benkeser","Dave","M","Darty Birds","B","53","11","48","24","22","","","","29","45.28","26","45.83"
"Bernhard","Connor","M","Dirty Darters","B","31","7","29","13","12","","","","18","41.94","17","41.38"
"Blackman","Derrick","M","Dart Bags","D","44","9","43","30","30","","","","14","68.18","13","69.77"
"Boley","Jason","M","UFO's","D","31","8","32","23","24","","","","8","74.19","8","75.00"
"Brantley","Grant","M","MBT20","C","29","9","29","7","7","","","","22","24.14","22","24.14"
"Bronstein","Neil","M","Menace II Sobriety","A","55","8","37","33","21","","","","22","60.00","16","56.76"
"Buckley","Buck","M","Paul Dart Mall Cop","A","68","9","43","33","19","","","","35","48.53","24","44.19"
"Buehler","Stephanie","F","Armed and Hammered","D","36","10","36","9","9","","","","27","25.00","27","25.00"
"Burns","Jumpy","M","Gatitos de la Muerte","C","25","6","25","10","10","","","","15","40.00","15","40.00"
"Cartin","Matt","M","Gatitos de la Muerte","C","4","1","4","1","1","","","","3","25.00","3","25.00"
"Cassino","Frank","M","The Drunken Phoenix","B","67","12","53","45","36","","","","22","67.16","17","67.92"
"Cates","Charlie","M","Poker, We Don't Know Her","B","37","7","32","19","17","","","","18","51.35","15","53.13"
"Chance","Sean","M","Poker, We Don't Know Her","B","50","10","47","19","18","","","","31","38.00","29","38.30"
"Clayton","Ben","M","UFO's","D","22","5","18","13","11","","","","9","59.09","7","61.11"
"Cloutier","Paul","M","Dart Attacks","D","51","11","50","18","18","","","","33","35.29","32","36.00"
"Collins","John","M","Flight Club","D","17","4","18","4","3","","","","13","23.53","15","16.67"
"Cullen","Emory","U","Poker, We Don't Know Her","B","52","10","47","24","22","","","","28","46.15","25","46.81"
"Cyr","Lindsey","F","Armed and Hammered","D","36","10","36","9","9","","","","27","25.00","27","25.00"
"Davis","Jeff","M","Darty Rotten Scoundrels","A","64","9","39","40","26","","","","24","62.50","13","66.67"
"Davis","Jim","M","Treble Makers","A","82","11","51","46","30","","","","36","56.10","21","58.82"
"Demarco","Nick","M","Projectile Dysfunction","B","36","10","36","19","19","","","","17","52.78","17","52.78"
"Dowell","Lindsey","F","UFO's","D","28","11","28","16","16","","","","12","57.14","12","57.14"
"Dryden","Michael","M","UFO's","D","26","10","26","16","16","","","","10","61.54","10","61.54"
"Eader","Ted","M","Dirty Darters","B","18","6","18","8","8","","","","10","44.44","10","44.44"
"Elizondo","Brendan","M","Projectile Dysfunction","B","12","5","12","5","5","","","","7","41.67","7","41.67"
"Evans","Ryan","M","Dart Attacks","D","55","12","55","12","12","","","","43","21.82","43","21.82"
"Farmer","Sam","M","Needledicks","D","58","12","58","27","27","","","","31","46.55","31","46.55"
"Feki","Steven","U","Dissa Pointers","C","48","9","39","28","24","","","","20","58.33","15","61.54"
"Fitzgibbon","Mike","M","Flight Club","D","42","9","41","24","24","","","","18","57.14","17","58.54"
"Fletcher","Brian","M","Flight Club","D","13","3","13","3","3","","","","10","23.08","10","23.08"
"Forbes","Thomas","M","Dart Attacks","D","51","11","50","15","15","","","","36","29.41","35","30.00"
"Fortune","Erica","F","Gatitos de la Muerte","C","24","6","23","12","12","","","","12","50.00","11","52.17"
"Gallagher","Amber","F","Gatitos de la Muerte","C","14","4","14","4","4","","","","10","28.57","10","28.57"
"Gallagher","Patrick","M","Dirty Darters","B","19","4","17","9","8","","","","10","47.37","9","47.06"
"Gandee","Todd","M","Poker, We Don't Know Her","B","7","2","7","4","4","","","","3","57.14","3","57.14"
"Gauthier","Jacob","M","We're Sexy and We Throw It","A","82","11","50","44","27","","","","38","53.66","23","54.00"
"Gendo","Krisna","U","Yacht Dawgs","B","39","8","39","20","20","","","","19","51.28","19","51.28"
"Gentry","Mike","M","No Mas","A","89","12","60","58","39","","","","31","65.17","21","65.00"
"Gilbert","Sarah","M","Armed and Hammered","D","13","4","13","4","4","","","","9","30.77","9","30.77"
"Glaw","Gus","M","Menace II Sobriety","A","84","11","53","56","36","","","","28","66.67","17","67.92"
"Goodrich","Eric","M","Dirty Darters","B","52","10","41","28","24","","","","24","53.85","17","58.54"
"Goome","Patrick","M","Treble Makers","A","67","10","47","44","29","","","","23","65.67","18","61.70"
"Gordon","Jeff","M","UFO's","D","5","3","5","3","3","","","","2","60.00","2","60.00"
"Gover","Mike","M","UFO's","D","35","10","35","25","25","","","","10","71.43","10","71.43"
"Graham","Robert","M","Paul Dart Mall Cop","A","80","11","53","33","21","","","","47","41.25","32","39.62"
"Granade","Paul","M","Gatitos de la Muerte","C","26","6","26","10","10","","","","16","38.46","16","38.46"
"Haase","Chad","M","Armed and Hammered","D","40","11","40","10","10","","","","30","25.00","30","25.00"
"Hall","Matt","M","Off in the Woods","C","17","4","17","12","12","","","","5","70.59","5","70.59"
"Hankins","Jamila","F","Darty Rotten Scoundrels","A","27","8","16","9","6","","","","18","33.33","10","37.50"
"Hankinson","Rede","M","No Mas","A","80","13","56","40","29","","","","40","50.00","27","51.79"
"Hansen","Binz","M","Darty Rotten Scoundrels","A","64","9","43","48","33","","","","16","75.00","10","76.74"
"Hansen","Ryan","M","Darty Rotten Scoundrels","A","72","10","47","53","36","","","","19","73.61","11","76.60"
"Harris","Brent","U","Castleberry Hill Dart Club","D","48","10","48","30","30","","","","18","62.50","18","62.50"
"Haskew","Sara","F","Castleberry Hill Dart Club","D","58","12","58","43","43","","","","15","74.14","15","74.14"
"Hidock","Tom","M","Menace II Sobriety","A","65","9","42","45","29","","","","20","69.23","13","69.05"
"Hieserman","Bryan","M","The Drunken Phoenix","B","50","12","50","32","32","","","","18","64.00","18","64.00"
"Hill","Amelia","F","Castleberry Hill Dart Club","D","33","6","28","28","23","","","","5","84.85","5","82.14"
"Hodack","Don","M","The Drunken Phoenix","B","12","5","12","4","4","","","","8","33.33","8","33.33"
"Holloway","Doug","M","USS Big Hard","C","69","12","52","45","36","","","","24","65.22","16","69.23"
"Hon","PJ","M","No Mas","A","67","11","38","29","16","","","","38","43.28","22","42.11"
"Hooten","David","M","Darty Birds","B","48","11","48","13","13","","","","35","27.08","35","27.08"
"Horton","Jimmy","M","Needledicks","D","32","7","32","20","20","","","","12","62.50","12","62.50"
"Hutchins","James","M","Dissa Pointers","C","48","11","49","23","23","","","","25","47.92","26","46.94"
"Johnson","Josh","M","Inner Voice","C","18","4","18","13","13","","","","5","72.22","5","72.22"
"Jones","Chris","M","Poker, We Don't Know Her","B","36","8","36","6","6","","","","30","16.67","30","16.67"
"Jones","Scott","M","UFO's","D","30","11","30","16","16","","","","14","53.33","14","53.33"
"Jordan","Dave","M","No Mas","A","91","13","57","44","25","","","","47","48.35","32","43.86"
"Jurgena","Jeff","M","Castleberry Hill Dart Club","D","5","1","5","1","1","","","","4","20.00","4","20.00"
"Kendrick","Joed","M","Inner Voice","C","29","6","29","11","11","","","","18","37.93","18","37.93"
"Kerekes","Tom","M","Needledicks","D","60","12","57","29","28","","","","31","48.33","29","49.12"
"Khimani","Aneal","M","Castleberry Hill Dart Club","D","53","11","53","34","34","","","","19","64.15","19","64.15"
"Kjorlien","Donald","M","Yacht Dawgs","B","5","1","5","1","1","","","","4","20.00","4","20.00"
"Koppenhaver","Rob","M","No Mas","A","71","12","49","36","23","","","","35","50.70","26","46.94"
"Koth","Heather","F","MBT20","C","44","10","44","22","22","","","","22","50.00","22","50.00"
"Lambert","Wendy","F","Armed and Hammered","D","28","8","28","2","2","","","","26","7.14","26","7.14"
"Lane","Jamie","M","Treble Makers","A","45","7","31","26","19","","","","19","57.78","12","61.29"
"Leipow","Kevin","M","UFO's","D","9","3","9","5","5","","","","4","55.56","4","55.56"
"Lemmond","Nick","M","Dissa Pointers","C","51","10","44","26","23","","","","25","50.98","21","52.27"
"Leonard","Max","M","Darty Birds","B","43","10","43","22","22","","","","21","51.16","21","51.16"
"Lindenmuth","Kyle","M","Treble Makers","A","56","8","37","37","24","","","","19","66.07","13","64.86"
"Linn","Jeff","M","Inner Voice","C","44","10","44","24","24","","","","20","54.55","20","54.55"
"London","Leanna","F","Dart Attacks","D","53","12","53","16","16","","","","37","30.19","37","30.19"
"Lueder","Doug","M","UFO's","D","16","5","17","8","9","","","","8","50.00","8","52.94"
"Mabry","Tyler","M","Darty Rotten Scoundrels","A","44","8","29","22","14","","","","22","50.00","15","48.28"
"Malesevic","Miro","M","Off in the Woods","C","32","8","33","13","13","","","","19","40.63","20","39.39"
"Marty","John","M","Flight Club","D","12","3","12","9","9","","","","3","75.00","3","75.00"
"Massey","David","M","Flight Club","D","50","11","50","37","37","","","","13","74.00","13","74.00"
"McClatchey","Andy","M","We're Sexy and We Throw It","A","75","11","50","15","11","","","","60","20.00","39","22.00"
"McConnell","Johnny","M","Flight Club","D","40","9","40","32","32","","","","8","80.00","8","80.00"
"McCoy","Patrick","M","Darty Rotten Scoundrels","A","72","11","46","42","28","","","","30","58.33","18","60.87"
"McGlamery","Ben","M","Paul Dart Mall Cop","A","33","5","22","15","10","","","","18","45.45","12","45.45"
"McIlrath","Bretton","M","Gatitos de la Muerte","C","42","9","40","16","15","","","","26","38.10","25","37.50"
"McIntosh","Andrew","M","Paul Dart Mall Cop","A","17","5","13","4","4","","","","13","23.53","9","30.77"
"McNutt","Hayley","","USS Big Hard","C","1","1","1","1","1","","","","0","100.00","0","100.00"
"Minkewicz","Andy","M","Flight Club","D","4","1","4","1","1","","","","3","25.00","3","25.00"
"Mistretta","Andrew","M","Darty Birds","B","38","9","38","10","10","","","","28","26.32","28","26.32"
"Mitchell","Scott","M","Off in the Woods","C","53","12","48","40","37","","","","13","75.47","11","77.08"
"Miteff","Katt","F","USS Big Hard","C","35","12","35","9","9","","","","26","25.71","26","25.71"
"Moricle","Wade","M","Menace II Sobriety","A","58","9","37","18","10","","","","40","31.03","27","27.03"
"Mosteller","Rodney","M","Dirty Darters","B","23","7","23","6","6","","","","17","26.09","17","26.09"
"Murphy","Ryan","M","Projectile Dysfunction","B","36","10","36","11","11","","","","25","30.56","25","30.56"
"Neal","Jaron","M","Projectile Dysfunction","B","57","11","46","35","27","","","","22","61.40","19","58.70"
"Newsome","Brian","M","Gatitos de la Muerte","C","28","7","28","11","11","","","","17","39.29","17","39.29"
"Nicholaus","Artie","M","Dart Bags","D","41","8","39","19","18","","","","22","46.34","21","46.15"
"Niewoehner","Dan","M","Castleberry Hill Dart Club","D","53","10","48","36","33","","","","17","67.92","15","68.75"
"Pennington","Cameron","M","USS Big Hard","C","48","12","47","30","29","","","","18","62.50","18","61.70"
"Pfleegor","Antonio","M","Projectile Dysfunction","B","46","11","46","27","27","","","","19","58.70","19","58.70"
"Pillai","Prem","M","Needledicks","D","25","6","25","11","11","","","","14","44.00","14","44.00"
"Pritchett","Stephen","M","The Drunken Phoenix","B","7","3","7","3","3","","","","4","42.86","4","42.86"
"Reber","Brian","M","Off in the Woods","C","49","12","49","19","19","","","","30","38.78","30","38.78"
"Reis","Dave","M","Dart Bags","D","34","7","34","16","16","","","","18","47.06","18","47.06"
"Reynolds","Ryan","M","Dart Bags","D","43","9","43","13","13","","","","30","30.23","30","30.23"
"Robinson","Scott","M","The Drunken Phoenix","B","36","11","36","18","18","","","","18","50.00","18","50.00"
"Rolader","Ben","M","USS Big Hard","C","6","2","6","3","3","","","","3","50.00","3","50.00"
"Roszak","Matt","M","Inner Voice","C","30","7","30","14","14","","","","16","46.67","16","46.67"
"Royball","Merrick","U","Off in the Woods","C","45","11","46","28","28","","","","17","62.22","18","60.87"
"Ryan","Joe","M","Yacht Dawgs","B","54","10","49","42","39","","","","12","77.78","10","79.59"
"Schmidt","Taylor","F","Dirty Darters","B","9","4","9","2","2","","","","7","22.22","7","22.22"
"Schultz","Frank","M","Yacht Dawgs","B","66","13","64","44","44","","","","22","66.67","20","68.75"
"Schumacher","Ryan","M","Dart Bags","D","19","4","18","13","12","","","","6","68.42","6","66.67"
"Shaw","Greg","M","USS Big Hard","C","45","11","46","29","29","","","","16","64.44","17","63.04"
"Shiptenko","Jake","M","Armed and Hammered","D","36","9","36","14","14","","","","22","38.89","22","38.89"
"Sills","Robert","M","MBT20","C","59","10","48","19","15","","","","40","32.20","33","31.25"
"Smith","Reaghan","F","Dart Attacks","D","29","7","29","10","10","","","","19","34.48","19","34.48"
"Smith","Trey","U","Flight Club","D","26","6","26","19","19","","","","7","73.08","7","73.08"
"Sprinkle","Doug","M","Poker, We Don't Know Her","B","31","7","31","10","10","","","","21","32.26","21","32.26"
"Star","Jake","M","Needledicks","D","14","3","14","10","10","","","","4","71.43","4","71.43"
"Steadham","James","M","Gatitos de la Muerte","C","51","9","40","26","19","","","","25","50.98","21","47.50"
"Steul","Laura","F","MBT20","C","34","10","34","15","15","","","","19","44.12","19","44.12"
"Stewart","Justin","M","We're Sexy and We Throw It","A","7","1","5","4","3","","","","3","57.14","2","60.00"
"Strobel","Spencer","M","USS Big Hard","C","32","10","33","14","14","","","","18","43.75","19","42.42"
"Suhr","Matthew","","No Mas","A","3","1","2","1","1","","","","2","33.33","1","50.00"
"Tanguay","Craig","M","Needledicks","D","27","6","27","15","15","","","","12","55.56","12","55.56"
"Thomas","Bruce","M","Projectile Dysfunction","B","36","10","36","13","13","","","","23","36.11","23","36.11"
"Tigue","Darrin","M","The Drunken Phoenix","B","53","12","53","34","34","","","","19","64.15","19","64.15"
"Vance","William","M","We're Sexy and We Throw It","A","44","7","32","5","4","","","","39","11.36","28","12.50"
"Vered","Moran","M","UFO's","D","47","11","42","28","26","","","","19","59.57","16","61.90"
"Walker","Justin","M","Armed and Hammered","D","26","7","26","5","5","","","","21","19.23","21","19.23"
"Walsh","Michael","M","MBT20","C","48","10","45","10","9","","","","38","20.83","36","20.00"
"Wartner","Daniel","M","Dirty Darters","B","26","8","26","8","8","","","","18","30.77","18","30.77"
"Watkins","Clinton","M","Armed and Hammered","D","4","1","4","0","0","","","","4","0.00","4","0.00"
"Weaver","Dustin","M","We're Sexy and We Throw It","A","64","10","45","13","12","","","","51","20.31","33","26.67"
"Weaver","Matt","M","Off in the Woods","C","44","11","44","20","20","","","","24","45.45","24","45.45"
"Weir","Caleb","M","Paul Dart Mall Cop","A","77","11","51","26","16","","","","51","33.77","35","31.37"
"Williams","Gavin","M","Paul Dart Mall Cop","A","56","8","37","17","11","","","","39","30.36","26","29.73"
"Williams","Tom","M","Flight Club","D","37","9","38","25","24","","","","12","67.57","14","63.16"
"Wood","Drew","M","Needledicks","D","12","3","12","7","7","","","","5","58.33","5","58.33"
"Woods","Patrick","M","Inner Voice","C","20","5","20","10","10","","","","10","50.00","10","50.00"
"Ziegler","Tristan","M","Inner Voice","C","60","11","50","38","30","","","","22","63.33","20","60.00"
"Zz","ZZ Alternate","U","Dart Attacks","D","3","1","3","0","0","","","","3","0.00","3","0.00"
"Zz","ZZ Alternate","U","Dart Bags","D","5","1","5","3","3","","","","2","60.00","2","60.00"
"Zz","ZZ Alternate","U","Needledicks","D","15","3","15","4","4","","","","11","26.67","11","26.67"
"Zz","ZZ Alternate","U","Projectile Dysfunction","B","4","1","4","3","3","","","","1","75.00","1","75.00"
"Zz","ZZ Alternate","U","Treble Makers","A","8","1","5","3","2","","","","5","37.50","3","40.00"
"zz","zz Alternate","","USS Big Hard","C","1","1","1","0","0","","","","1","0.00","1","0.00"
"Zz","ZZ Alternate","U","We're Sexy and We Throw It","A","1","1","1","0","0","","","","1","0.00","1","0.00"
