"Last","First","Team","Division","Legs","Matches","Sets","Legs Win","Swon","STied","Match Wins","Match Ties","Leg Losses","LW%","Set Losses","Set Win%"
"Adams","Nickie","Dissa Pointers","C","43","10","43","26","26","","","","17","60.47","17","60.47"
"Adams","Shayne","We're Sexy and We Throw It","A","41","6","26","13","7","","","","28","31.71","19","26.92"
"Ahmad","Sabah","Yacht Dawgs","B","36","7","35","23","23","","","","13","63.89","12","65.71"
"Albert","Duncan","Dirty Darters","B","37","9","37","14","14","","","","23","37.84","23","37.84"
"Allred","Conner","The Drunken Phoenix","B","17","5","17","12","12","","","","5","70.59","5","70.59"
"Amedeo","Paul","Inner Voice","C","26","6","26","18","18","","","","8","69.23","8","69.23"
"Andre","Myles","Dart Bags","D","43","9","43","16","16","","","","27","37.21","27","37.21"
"Angeramo","Nick","Armed and Hammered","D","22","5","21","12","12","","","","10","54.55","9","57.14"
"Appiah","Phillip","Treble Makers","A","70","10","46","44","29","","","","26","62.86","17","63.04"
"Bailey","Matt","Darty Birds","B","44","9","39","24","22","","","","20","54.55","17","56.41"
"Barksdale","Sam","Dissa Pointers","C","39","9","39","25","25","","","","14","64.10","14","64.10"
"Bauer","Spencer","USS Big Hard","C","28","8","28","11","11","","","","17","39.29","17","39.29"
"Bekiares","Jeff","Yacht Dawgs","B","45","9","45","30","30","","","","15","66.67","15","66.67"
"Benkeser","Dave","Darty Birds","B","49","10","44","22","20","","","","27","44.90","24","45.45"
"Bernhard","Connor","Dirty Darters","B","31","7","29","13","12","","","","18","41.94","17","41.38"
"Blackman","Derrick","Dart Bags","D","29","6","28","16","16","","","","13","55.17","12","57.14"
"Boley","Jason","UFO's","D","20","5","21","14","15","","","","6","70.00","6","71.43"
"Brantley","Grant","MBT20","C","29","9","29","7","7","","","","22","24.14","22","24.14"
"Bronstein","Neil","Menace II Sobriety","A","52","7","35","31","20","","","","21","59.62","15","57.14"
"Buckley","Buck","Paul Dart Mall Cop","A","68","9","43","33","19","","","","35","48.53","24","44.19"
"Buehler","Stephanie","Armed and Hammered","D","27","8","27","6","6","","","","21","22.22","21","22.22"
"Burns","Jumpy","Gatitos de la Muerte","C","25","6","25","10","10","","","","15","40.00","15","40.00"
"Cartin","Matt","Gatitos de la Muerte","C","4","1","4","1","1","","","","3","25.00","3","25.00"
"Cassino","Frank","The Drunken Phoenix","B","56","10","45","37","30","","","","19","66.07","15","66.67"
"Cates","Charlie","Poker, We Don't Know Her","B","37","7","32","19","17","","","","18","51.35","15","53.13"
"Chance","Sean","Poker, We Don't Know Her","B","50","10","47","19","18","","","","31","38.00","29","38.30"
"Clayton","Ben","UFO's","D","19","4","15","10","8","","","","9","52.63","7","53.33"
"Cloutier","Paul","Dart Attacks","D","42","9","41","14","14","","","","28","33.33","27","34.15"
"Collins","John","Flight Club","D","8","2","9","4","3","","","","4","50.00","6","33.33"
"Cullen","Emory","Poker, We Don't Know Her","B","52","10","47","24","22","","","","28","46.15","25","46.81"
"Cyr","Lindsey","Armed and Hammered","D","27","8","27","5","5","","","","22","18.52","22","18.52"
"Davis","Jeff","Darty Rotten Scoundrels","A","57","8","35","35","23","","","","22","61.40","12","65.71"
"Davis","Jim","Treble Makers","A","77","10","46","45","28","","","","32","58.44","18","60.87"
"Demarco","Nick","Projectile Dysfunction","B","33","9","33","17","17","","","","16","51.52","16","51.52"
"Dowell","Lindsey","UFO's","D","23","9","23","13","13","","","","10","56.52","10","56.52"
"Dryden","Michael","UFO's","D","19","7","19","13","13","","","","6","68.42","6","68.42"
"Eader","Ted","Dirty Darters","B","18","6","18","8","8","","","","10","44.44","10","44.44"
"Elizondo","Brendan","Projectile Dysfunction","B","12","5","12","5","5","","","","7","41.67","7","41.67"
"Evans","Ryan","Dart Attacks","D","46","10","46","11","11","","","","35","23.91","35","23.91"
"Farmer","Sam","Needledicks","D","34","7","34","18","18","","","","16","52.94","16","52.94"
"Feki","Steven","Dissa Pointers","C","42","8","34","25","22","","","","17","59.52","12","64.71"
"Fitzgibbon","Mike","Flight Club","D","28","6","27","17","17","","","","11","60.71","10","62.96"
"Fletcher","Brian","Flight Club","D","8","2","8","3","3","","","","5","37.50","5","37.50"
"Forbes","Thomas","Dart Attacks","D","42","9","41","11","11","","","","31","26.19","30","26.83"
"Fortune","Erica","Gatitos de la Muerte","C","24","6","23","12","12","","","","12","50.00","11","52.17"
"Gallagher","Amber","Gatitos de la Muerte","C","14","4","14","4","4","","","","10","28.57","10","28.57"
"Gallagher","Patrick","Dirty Darters","B","19","4","17","9","8","","","","10","47.37","9","47.06"
"Gandee","Todd","Poker, We Don't Know Her","B","7","2","7","4","4","","","","3","57.14","3","57.14"
"Gauthier","Jacob","We're Sexy and We Throw It","A","78","10","48","42","26","","","","36","53.85","22","54.17"
"Gendo","Krisna","Yacht Dawgs","B","30","6","30","15","15","","","","15","50.00","15","50.00"
"Gentry","Mike","No Mas","A","69","9","45","45","29","","","","24","65.22","16","64.44"
"Gilbert","Sarah","Armed and Hammered","D","13","4","13","4","4","","","","9","30.77","9","30.77"
"Glaw","Gus","Menace II Sobriety","A","78","10","50","51","33","","","","27","65.38","17","66.00"
"Goodrich","Eric","Dirty Darters","B","52","10","41","28","24","","","","24","53.85","17","58.54"
"Goome","Patrick","Treble Makers","A","59","9","41","37","25","","","","22","62.71","16","60.98"
"Gordon","Jeff","UFO's","D","2","1","2","1","1","","","","1","50.00","1","50.00"
"Gover","Mike","UFO's","D","27","7","27","20","20","","","","7","74.07","7","74.07"
"Graham","Robert","Paul Dart Mall Cop","A","73","10","48","32","20","","","","41","43.84","28","41.67"
"Granade","Paul","Gatitos de la Muerte","C","26","6","26","10","10","","","","16","38.46","16","38.46"
"Haase","Chad","Armed and Hammered","D","27","8","27","7","7","","","","20","25.93","20","25.93"
"Hall","Matt","Off in the Woods","C","17","4","17","12","12","","","","5","70.59","5","70.59"
"Hankins","Jamila","Darty Rotten Scoundrels","A","27","8","16","9","6","","","","18","33.33","10","37.50"
"Hankinson","Rede","No Mas","A","63","10","45","33","24","","","","30","52.38","21","53.33"
"Hansen","Binz","Darty Rotten Scoundrels","A","56","8","38","45","31","","","","11","80.36","7","81.58"
"Hansen","Ryan","Darty Rotten Scoundrels","A","63","9","42","47","32","","","","16","74.60","10","76.19"
"Harris","Brent","Castleberry Hill Dart Club","D","33","7","33","17","17","","","","16","51.52","16","51.52"
"Haskew","Sara","Castleberry Hill Dart Club","D","43","9","43","29","29","","","","14","67.44","14","67.44"
"Hidock","Tom","Menace II Sobriety","A","62","8","40","43","28","","","","19","69.35","12","70.00"
"Hieserman","Bryan","The Drunken Phoenix","B","43","10","43","29","29","","","","14","67.44","14","67.44"
"Hill","Amelia","Castleberry Hill Dart Club","D","33","6","28","28","23","","","","5","84.85","5","82.14"
"Hodack","Don","The Drunken Phoenix","B","11","4","11","4","4","","","","7","36.36","7","36.36"
"Holloway","Doug","USS Big Hard","C","53","9","39","34","28","","","","19","64.15","11","71.79"
"Hon","PJ","No Mas","A","47","8","26","19","10","","","","28","40.43","16","38.46"
"Hooten","David","Darty Birds","B","44","10","44","13","13","","","","31","29.55","31","29.55"
"Horton","Jimmy","Needledicks","D","18","4","18","13","13","","","","5","72.22","5","72.22"
"Hutchins","James","Dissa Pointers","C","44","10","44","23","23","","","","21","52.27","21","52.27"
"Johnson","Josh","Inner Voice","C","14","3","14","11","11","","","","3","78.57","3","78.57"
"Jones","Chris","Poker, We Don't Know Her","B","36","8","36","6","6","","","","30","16.67","30","16.67"
"Jones","Scott","UFO's","D","22","8","22","12","12","","","","10","54.55","10","54.55"
"Jordan","Dave","No Mas","A","73","10","45","37","21","","","","36","50.68","24","46.67"
"Kendrick","Joed","Inner Voice","C","29","6","29","11","11","","","","18","37.93","18","37.93"
"Kerekes","Tom","Needledicks","D","34","7","33","19","19","","","","15","55.88","14","57.58"
"Khimani","Aneal","Castleberry Hill Dart Club","D","43","9","43","25","25","","","","18","58.14","18","58.14"
"Kjorlien","Donald","Yacht Dawgs","B","5","1","5","1","1","","","","4","20.00","4","20.00"
"Koppenhaver","Rob","No Mas","A","56","9","37","28","18","","","","28","50.00","19","48.65"
"Koth","Heather","MBT20","C","44","10","44","22","22","","","","22","50.00","22","50.00"
"Lambert","Wendy","Armed and Hammered","D","20","6","20","2","2","","","","18","10.00","18","10.00"
"Lane","Jamie","Treble Makers","A","45","7","31","26","19","","","","19","57.78","12","61.29"
"Leipow","Kevin","UFO's","D","6","2","6","4","4","","","","2","66.67","2","66.67"
"Lemmond","Nick","Dissa Pointers","C","47","9","40","25","22","","","","22","53.19","18","55.00"
"Leonard","Max","Darty Birds","B","39","9","39","21","21","","","","18","53.85","18","53.85"
"Lindenmuth","Kyle","Treble Makers","A","49","7","31","30","20","","","","19","61.22","11","64.52"
"Linn","Jeff","Inner Voice","C","40","9","40","24","24","","","","16","60.00","16","60.00"
"London","Leanna","Dart Attacks","D","44","10","44","13","13","","","","31","29.55","31","29.55"
"Lueder","Doug","UFO's","D","14","4","15","6","7","","","","8","42.86","8","46.67"
"Mabry","Tyler","Darty Rotten Scoundrels","A","40","7","27","21","14","","","","19","52.50","13","51.85"
"Malesevic","Miro","Off in the Woods","C","25","6","25","11","11","","","","14","44.00","14","44.00"
"Marty","John","Flight Club","D","12","3","12","9","9","","","","3","75.00","3","75.00"
"Massey","David","Flight Club","D","36","8","36","30","30","","","","6","83.33","6","83.33"
"McClatchey","Andy","We're Sexy and We Throw It","A","69","10","47","14","11","","","","55","20.29","36","23.40"
"McConnell","Johnny","Flight Club","D","35","8","35","28","28","","","","7","80.00","7","80.00"
"McCoy","Patrick","Darty Rotten Scoundrels","A","67","10","42","41","27","","","","26","61.19","15","64.29"
"McGlamery","Ben","Paul Dart Mall Cop","A","27","4","18","12","8","","","","15","44.44","10","44.44"
"McIlrath","Bretton","Gatitos de la Muerte","C","42","9","40","16","15","","","","26","38.10","25","37.50"
"McIntosh","Andrew","Paul Dart Mall Cop","A","17","5","13","4","4","","","","13","23.53","9","30.77"
"McNutt","Hayley","USS Big Hard","C","1","1","1","1","1","","","","0","100.00","0","100.00"
"Minkewicz","Andy","Flight Club","D","4","1","4","1","1","","","","3","25.00","3","25.00"
"Mistretta","Andrew","Darty Birds","B","34","8","34","10","10","","","","24","29.41","24","29.41"
"Mitchell","Scott","Off in the Woods","C","47","10","42","35","32","","","","12","74.47","10","76.19"
"Miteff","Katt","USS Big Hard","C","32","10","32","9","9","","","","23","28.13","23","28.13"
"Moricle","Wade","Menace II Sobriety","A","58","9","37","18","10","","","","40","31.03","27","27.03"
"Mosteller","Rodney","Dirty Darters","B","23","7","23","6","6","","","","17","26.09","17","26.09"
"Murphy","Ryan","Projectile Dysfunction","B","32","9","32","11","11","","","","21","34.38","21","34.38"
"Neal","Jaron","Projectile Dysfunction","B","53","10","43","35","27","","","","18","66.04","16","62.79"
"Newsome","Brian","Gatitos de la Muerte","C","28","7","28","11","11","","","","17","39.29","17","39.29"
"Nicholaus","Artie","Dart Bags","D","36","7","34","14","13","","","","22","38.89","21","38.24"
"Niewoehner","Dan","Castleberry Hill Dart Club","D","38","7","33","24","21","","","","14","63.16","12","63.64"
"Pennington","Cameron","USS Big Hard","C","37","9","36","24","23","","","","13","64.86","13","63.89"
"Pfleegor","Antonio","Projectile Dysfunction","B","43","10","43","25","25","","","","18","58.14","18","58.14"
"Pillai","Prem","Needledicks","D","16","4","16","7","7","","","","9","43.75","9","43.75"
"Pritchett","Stephen","The Drunken Phoenix","B","5","1","5","2","2","","","","3","40.00","3","40.00"
"Reber","Brian","Off in the Woods","C","42","10","42","16","16","","","","26","38.10","26","38.10"
"Reis","Dave","Dart Bags","D","24","5","24","10","10","","","","14","41.67","14","41.67"
"Reynolds","Ryan","Dart Bags","D","33","7","33","9","9","","","","24","27.27","24","27.27"
"Robinson","Scott","The Drunken Phoenix","B","34","9","34","18","18","","","","16","52.94","16","52.94"
"Rolader","Ben","USS Big Hard","C","6","2","6","3","3","","","","3","50.00","3","50.00"
"Roszak","Matt","Inner Voice","C","26","6","26","11","11","","","","15","42.31","15","42.31"
"Royball","Merrick","Off in the Woods","C","37","9","37","25","25","","","","12","67.57","12","67.57"
"Ryan","Joe","Yacht Dawgs","B","38","7","35","30","28","","","","8","78.95","7","80.00"
"Schmidt","Taylor","Dirty Darters","B","9","4","9","2","2","","","","7","22.22","7","22.22"
"Schultz","Frank","Yacht Dawgs","B","53","10","50","34","33","","","","19","64.15","17","66.00"
"Schumacher","Ryan","Dart Bags","D","19","4","18","13","12","","","","6","68.42","6","66.67"
"Shaw","Greg","USS Big Hard","C","34","8","34","22","22","","","","12","64.71","12","64.71"
"Shiptenko","Jake","Armed and Hammered","D","27","7","27","13","13","","","","14","48.15","14","48.15"
"Sills","Robert","MBT20","C","59","10","48","19","15","","","","40","32.20","33","31.25"
"Smith","Reaghan","Dart Attacks","D","25","6","25","8","8","","","","17","32.00","17","32.00"
"Smith","Trey","Flight Club","D","17","4","17","14","14","","","","3","82.35","3","82.35"
"Sprinkle","Doug","Poker, We Don't Know Her","B","31","7","31","10","10","","","","21","32.26","21","32.26"
"Star","Jake","Needledicks","D","9","2","9","6","6","","","","3","66.67","3","66.67"
"Steadham","James","Gatitos de la Muerte","C","51","9","40","26","19","","","","25","50.98","21","47.50"
"Steul","Laura","MBT20","C","34","10","34","15","15","","","","19","44.12","19","44.12"
"Stewart","Justin","We're Sexy and We Throw It","A","7","1","5","4","3","","","","3","57.14","2","60.00"
"Strobel","Spencer","USS Big Hard","C","23","7","23","8","8","","","","15","34.78","15","34.78"
"Suhr","Matthew","No Mas","A","3","1","2","1","1","","","","2","33.33","1","50.00"
"Tanguay","Craig","Needledicks","D","8","2","8","6","6","","","","2","75.00","2","75.00"
"Thomas","Bruce","Projectile Dysfunction","B","33","9","33","12","12","","","","21","36.36","21","36.36"
"Tigue","Darrin","The Drunken Phoenix","B","45","10","45","30","30","","","","15","66.67","15","66.67"
"Vance","William","We're Sexy and We Throw It","A","44","7","32","5","4","","","","39","11.36","28","12.50"
"Vered","Moran","UFO's","D","35","8","32","20","19","","","","15","57.14","13","59.38"
"Walker","Justin","Armed and Hammered","D","18","5","18","4","4","","","","14","22.22","14","22.22"
"Walsh","Michael","MBT20","C","48","10","45","10","9","","","","38","20.83","36","20.00"
"Wartner","Daniel","Dirty Darters","B","26","8","26","8","8","","","","18","30.77","18","30.77"
"Weaver","Dustin","We're Sexy and We Throw It","A","59","9","42","12","11","","","","47","20.34","31","26.19"
"Weaver","Matt","Off in the Woods","C","37","9","37","18","18","","","","19","48.65","19","48.65"
"Weir","Caleb","Paul Dart Mall Cop","A","70","10","46","21","13","","","","49","30.00","33","28.26"
"Williams","Gavin","Paul Dart Mall Cop","A","48","7","32","13","9","","","","35","27.08","23","28.13"
"Williams","Tom","Flight Club","D","33","8","34","25","24","","","","8","75.76","10","70.59"
"Wood","Drew","Needledicks","D","12","3","12","7","7","","","","5","58.33","5","58.33"
"Woods","Patrick","Inner Voice","C","20","5","20","10","10","","","","10","50.00","10","50.00"
"Ziegler","Tristan","Inner Voice","C","56","10","45","36","28","","","","20","64.29","17","62.22"
"Zz","ZZ Alternate","Dart Attacks","D","3","1","3","0","0","","","","3","0.00","3","0.00"
"Zz","ZZ Alternate","Needledicks","D","10","2","10","4","4","","","","6","40.00","6","40.00"
"Zz","ZZ Alternate","Projectile Dysfunction","B","4","1","4","3","3","","","","1","75.00","1","75.00"
"Zz","ZZ Alternate","Treble Makers","A","8","1","5","3","2","","","","5","37.50","3","40.00"
"zz","zz Alternate","USS Big Hard","C","1","1","1","0","0","","","","1","0.00","1","0.00"
