"ID","First Name","Last Name","Division","Team","Captain","Venue","Position"
"492008","Faughn","Adams","D","Turtle Tantrum Dart Club","Captain","Pool Turtle",""
"448116","Nickie  ","Adams","B","Dissa Pointers","","The Independent",""
"200993","Shayne","Adams","B","We're Sexy and We Throw It","","Pool Turtle",""
"415473","Sabah","Ahmad","B","Yacht Dawgs","","Yacht Club",""
"416123","Duncan","Albert","B","Dirty Darters","","Milltown Arms Tavern",""
"485999","Megan","Alexander","D","Napoleon BonaDarte","","Twain's",""
"415450","Conner","Allred","A","The Drunken Phoenix","","Twain's",""
"416116","Lauren","Alvarez","C","Gatitos de la Muerte","","Manny's Grant Park",""
"415982","Myles","Andre","C","Dart Bags","Captain","Big Game",""
"482240","Sophie","Atkinson","D","Armed and Hammered","","The Whelan",""
"415456","Matt","Bailey","B","Darty Birds","","Brewhouse",""
"448119","Sam","Barksdale","B","Dissa Pointers","","The Independent",""
"497670","Pierce","Bauer","C","USS Big Hard","","Yacht Club",""
"418154","Spencer","Bauer","C","USS Big Hard","","Yacht Club",""
"204717","Jeff","Bekiares","B","Yacht Dawgs","","Yacht Club",""
"415457","Dave","Benkeser","B","Darty Birds","","Brewhouse",""
"416715","Connor","Bernhard","B","Dirty Darters","","Milltown Arms Tavern",""
"482415","Jacob","Berry","D","Napoleon BonaDarte","","Twain's",""
"421832","Steve","Blackburn","B","Yacht Dawgs","","Yacht Club",""
"415985","Derrick","Blackman","C","Dart Bags","Co-Captain","Big Game",""
"421936","Bryan","Blase","C","Finer Points","","Pool Turtle",""
"482244","Ryan","Blumberg","D","Throwing Shade","","Pool Turtle",""
"415483","Jason","Boley","D","UFO's","","Thinking Man Tavern",""
"513355","Curt","Bonnem","C","Finer Points","Captain","Pool Turtle",""
"450066","Grant","Brantley","C","MBT20","","Manny's Grant Park",""
"204711","Neil","Bronstein","A","Menace II Sobriety","","The Independent",""
"200998","Gareth","Buckley","B","We're Sexy and We Throw It","","Pool Turtle",""
"448402","Stephanie","Buehler","D","Armed and Hammered","","The Whelan",""
"416114","Jumpy","Burns","C","Gatitos de la Muerte","","Manny's Grant Park",""
"512364","Wes","Cain","D","UFO's","","Thinking Man Tavern",""
"472303","Austin","Campagnolo","A","Darty Rotten Scoundrels","","Pool Turtle",""
"491971","Ryan","Cannin","B","Dirty Darters","","Milltown Arms Tavern",""
"507777","Mitch","Carlson","D","Turtle Tantrum Dart Club","","Pool Turtle",""
"492010","TJ","Carlton","D","Turtle Tantrum Dart Club","","Pool Turtle",""
"416117","Matt","Cartin","C","Gatitos de la Muerte","","Manny's Grant Park",""
"201003","Frank","Cassino","A","The Drunken Phoenix","Captain","Twain's",""
"415432","Charlie","Cates","B","Hug a Doug","Co-Captain","Milltown Arms Tavern",""
"415434","Sean","Chance","B","Hug a Doug","","Milltown Arms Tavern",""
"415482","Ben","Clayton","D","UFO's","","Thinking Man Tavern",""
"415467","Paul","Cloutier","D","Dart Attacks","Captain","Trackside Tavern",""
"428322","John ","Collins","D","Flight Club","","Midway Pub",""
"415431","Emory","Cullen","B","Hug a Doug","Captain","Milltown Arms Tavern",""
"448403","Lindsey","Cyr","D","Armed and Hammered","","The Whelan",""
"492652","Dylan","D'Angelo","D","Armed and Hammered","","The Whelan",""
"514125","Lauren","Davis","D","Turtle Tantrum Dart Club","","Pool Turtle",""
"201010","Nick","DeMarco","A","Projectile Dysfunction","Co-Captain","Big Game",""
"482247","Willem","Derks","D","Throwing Shade","","Pool Turtle",""
"415481","Lindsey","Dowell","D","UFO's","","Thinking Man Tavern",""
"415430","Michael","Dryden","D","UFO's","Captain","Thinking Man Tavern",""
"416714","Ted","Eader","B","Dirty Darters","","Milltown Arms Tavern",""
"488145","Jason","Egli","C","Finer Points","Co-Captain","Pool Turtle",""
"416109","Brendan","Elizondo","A","Projectile Dysfunction","","Big Game",""
"415465","Ryan","Evans","D","Dart Attacks","","Trackside Tavern",""
"448118","Steven","Feki","B","Dissa Pointers","","The Independent",""
"428319","Mike","Fitzgibbon","D","Flight Club","","Midway Pub",""
"428323","Brian","Fletcher","D","Flight Club","","Midway Pub",""
"415468","Thomas","Forbes","D","Dart Attacks","","Trackside Tavern",""
"416113","Erica","Fortune","C","Gatitos de la Muerte","","Manny's Grant Park",""
"514091","James","Fusco","C","Finer Points","","Pool Turtle",""
"431514","Amber","Gallagher","C","Gatitos de la Muerte","","Manny's Grant Park",""
"416124","Patrick","Gallagher","B","Dirty Darters","Co-Captain","Milltown Arms Tavern",""
"415436","Todd","Gandee","B","Hug a Doug","","Milltown Arms Tavern",""
"200986","Jacob","Gauthier","B","We're Sexy and We Throw It","Co-Captain","Pool Turtle",""
"415470","Krisna","Gendo","B","Yacht Dawgs","Co-Captain","Yacht Club",""
"415417","Mike","Gentry","A","No Mas","","Twain's",""
"200990","Gus","Glaw","A","Menace II Sobriety","Co-Captain","The Independent",""
"416122","Eric","Goodrich","B","Dirty Darters","Captain","Milltown Arms Tavern",""
"415484","Jeff","Gordon","D","UFO's","","Thinking Man Tavern",""
"415476","Mike","Gover","D","UFO's","Co-Captain","Thinking Man Tavern",""
"415463","Robert","Graham","A","Paul Dart Mall Cop","","Black Bear Tavern",""
"416112","Paul","Granade","C","Gatitos de la Muerte","Co-Captain","Manny's Grant Park",""
"201012","Bill","Griffin","D","Dart Attacks","","Trackside Tavern",""
"482414","Joe","Guardino","D","Napoleon BonaDarte","","Twain's",""
"482416","Dylan","Guggenheim","D","Napoleon BonaDarte","","Twain's",""
"448093","Chad","Haase","D","Armed and Hammered","Captain","The Whelan",""
"415425","Matt","Hall","C","Off in the Woods","Co-Captain","Midway Pub",""
"482248","Don","Hamp","D","Throwing Shade","","Pool Turtle",""
"416129","Jamila","Hankins","A","Darty Rotten Scoundrels","","Pool Turtle",""
"416071","Rede","Hankinson","A","No Mas","Captain","Twain's",""
"421935","Binz ","Hansen","A","Darty Rotten Scoundrels","","Pool Turtle",""
"450188","Ryan ","Hansen","A","Darty Rotten Scoundrels","","Pool Turtle",""
"201006","Brent","Harris","D","Castleberry Hill Dart Club","Captain","The Whelan",""
"415428","Sara","Haskew","D","Castleberry Hill Dart Club","Co-Captain","The Whelan",""
"204709","Tom","Hidock","A","Menace II Sobriety","","The Independent",""
"415448","Bryan","Hieserman","A","The Drunken Phoenix","Co-Captain","Twain's",""
"415427","Amelia","Hill","D","Castleberry Hill Dart Club","","The Whelan",""
"436135","Don","Hodack","A","The Drunken Phoenix","","Twain's",""
"416076","Doug","Holloway","C","USS Big Hard","Captain","Yacht Club",""
"201008","David","Hooten","B","Darty Birds","Captain","Brewhouse",""
"514104","Paul","Hughes","C","Finer Points","","Pool Turtle",""
"416081","Josh","Hunsberger","C","USS Big Hard","","Yacht Club",""
"448117","James","Hutchins","B","Dissa Pointers","Captain","The Independent",""
"508099","Bill","Jones","D","Plan B","","Twain's",""
"415433","Chris","Jones","B","Hug a Doug","","Milltown Arms Tavern",""
"482243","Doug","Jones","D","Throwing Shade","Captain","Pool Turtle",""
"482246","Jan","Jones","D","Throwing Shade","","Pool Turtle",""
"415480","Scott","Jones","D","UFO's","","Thinking Man Tavern",""
"416072","Dave","Jordan","A","No Mas","","Twain's",""
"447825","Aneal","Khimani","D","Castleberry Hill Dart Club","","The Whelan",""
"416074","Rob","Koppenhaver","A","No Mas","","Twain's",""
"415443","Heather","Koth","C","MBT20","Co-Captain","Manny's Grant Park",""
"508095","Janine","Kupersmith","D","Plan B","","Twain's",""
"448391","Wendy","Lambert","D","Armed and Hammered","","The Whelan",""
"205023","Brian","Lane","A","Menace II Sobriety","","The Independent",""
"415479","Kevin","Leipow","D","UFO's","","Thinking Man Tavern",""
"448404","Nick","Lemmond","B","Dissa Pointers","","The Independent",""
"415455","Max","Leonard","B","Darty Birds","Co-Captain","Brewhouse",""
"522851","Mike","Lind","D","Dart Attacks","","Trackside Tavern",""
"508098","Patricia","Liscio","D","Plan B","Captain","Twain's",""
"415466","Leanna","London","D","Dart Attacks","Co-Captain","Trackside Tavern",""
"415478","Doug","Lueder","D","UFO's","","Thinking Man Tavern",""
"416128","Tyler","Mabry","A","Darty Rotten Scoundrels","Co-Captain","Pool Turtle",""
"415422","Miro","Malesevic","C","Off in the Woods","","Midway Pub",""
"428321","John","Marty","D","Flight Club","","Midway Pub",""
"415454","David","Massey","D","Flight Club","Captain","Midway Pub",""
"508096","Novarah","Mattiaccio","D","Plan B","","Twain's",""
"508097","Pasquale","Mattiaccio","D","Plan B","","Twain's",""
"200995","Andy","McClatchey","B","We're Sexy and We Throw It","Captain","Pool Turtle",""
"488151","Mike","McClellan","D","Turtle Tantrum Dart Club","","Pool Turtle",""
"428318","Johnny","McConnell","D","Flight Club","","Midway Pub",""
"201001","Patrick","McCoy","A","Darty Rotten Scoundrels","Captain","Pool Turtle",""
"415459","Ben","McGlamery","A","Paul Dart Mall Cop","Captain","Black Bear Tavern",""
"415461","Matt","McGlamery","A","Paul Dart Mall Cop","Co-Captain","Black Bear Tavern",""
"201004","Bretton","McIlrath","C","Gatitos de la Muerte","Captain","Manny's Grant Park",""
"415462","Andrew","McIntosh","A","Paul Dart Mall Cop","","Black Bear Tavern",""
"415442","Josh","McLaurin","C","MBT20","","Manny's Grant Park",""
"416079","Hayley","McNutt","C","USS Big Hard","","Yacht Club",""
"201002","Andy","Minkewicz","D","Flight Club","","Midway Pub",""
"415458","Andrew","Mistretta","B","Darty Birds","","Brewhouse",""
"415420","Scott","Mitchell","C","Off in the Woods","Captain","Midway Pub",""
"416078","Katt","Miteff","C","USS Big Hard","","Yacht Club",""
"513358","Linda","Mongalo","C","Finer Points","","Pool Turtle",""
"200991","Wade","Moricle","A","Menace II Sobriety","Captain","The Independent",""
"416713","Rodney","Mosteller","B","Dirty Darters","","Milltown Arms Tavern",""
"416107","Ryan","Murphy","A","Projectile Dysfunction","Captain","Big Game",""
"516582","Jennie","Myers","D","Plan B","","Twain's",""
"416108","Jaron","Neal","A","Projectile Dysfunction","","Big Game",""
"201009","Brian","Newsome","C","Gatitos de la Muerte","","Manny's Grant Park",""
"512418","Stephanie","Newsome","C","Gatitos de la Muerte","","Manny's Grant Park",""
"415984","Artie","Nicholaus","C","Dart Bags","","Big Game",""
"415429","Dan","Niewoehner","D","Castleberry Hill Dart Club","","The Whelan",""
"488152","Austin","Pender","C","Finer Points","","Pool Turtle",""
"418155","Cameron","Pennington","C","USS Big Hard","","Yacht Club",""
"416110","Antonio","Pfleegor","A","Projectile Dysfunction","","Big Game",""
"482245","Joe","Prestigiacomo","D","Throwing Shade","","Pool Turtle",""
"415452","Stephen","Pritchett","A","The Drunken Phoenix","","Twain's",""
"482413","Travis","Pulliam","D","Napoleon BonaDarte","Captain","Twain's",""
"415421","Brian","Reber","C","Off in the Woods","","Midway Pub",""
"415986","Dave","Reis","C","Dart Bags","","Big Game",""
"201011","Ryan","Reynolds","C","Dart Bags","","Big Game",""
"509616","Kevin","Riordan","B","Yacht Dawgs","","Yacht Club",""
"415451","Scott","Robinson","A","The Drunken Phoenix","","Twain's",""
"416080","Ben","Rolader","C","USS Big Hard","","Yacht Club",""
"415426","Merrick","Royball","C","Off in the Woods","","Midway Pub",""
"446825","Joe ","Ryan","A","Menace II Sobriety","","The Independent",""
"200987","Frank","Schultz","B","Yacht Dawgs","Captain","Yacht Club",""
"415983","Ryan","Schumacher","C","Dart Bags","","Big Game",""
"416077","Greg","Shaw","C","USS Big Hard","","Yacht Club",""
"415441","Robert","Sills","C","MBT20","Captain","Manny's Grant Park",""
"415469","Reaghan","Smith","D","Dart Attacks","","Trackside Tavern",""
"428320","Trey","Smith","D","Flight Club","","Midway Pub",""
"416127","Charlene","Sotolongo","D","Turtle Tantrum Dart Club","","Pool Turtle",""
"415435","Doug","Sprinkle","B","Hug a Doug","","Milltown Arms Tavern",""
"416115","James","Steadham","C","Gatitos de la Muerte","","Manny's Grant Park",""
"468577","John","Steinhofer","A","No Mas","","Twain's",""
"204710","Rob","Sten","B","Yacht Dawgs","","Yacht Club",""
"415444","Laura","Steul","C","MBT20","","Manny's Grant Park",""
"451498","Spencer ","Strobel","C","USS Big Hard","","Yacht Club",""
"416073","Matthew","Suhr","A","No Mas","","Twain's",""
"513356","Sulli","Sullivan","C","Finer Points","","Pool Turtle",""
"416111","Bruce","Thomas","A","Projectile Dysfunction","","Big Game",""
"415423","Kristin","Thorsen","C","Off in the Woods","","Midway Pub",""
"482241","Ethan","Thurmond","D","Armed and Hammered","","The Whelan",""
"415453","Darrin","Tigue","A","The Drunken Phoenix","","Twain's",""
"518215","Duane","Trotter","A","No Mas","","Twain's",""
"416126","Tim","Truman","D","Turtle Tantrum Dart Club","","Pool Turtle",""
"200996","William","Vance","B","We're Sexy and We Throw It","","Pool Turtle",""
"415477","Moran","Vered","D","UFO's","","Thinking Man Tavern",""
"415445","Michael","Walsh","C","MBT20","","Manny's Grant Park",""
"416711","Daniel","Wartner","B","Dirty Darters","","Milltown Arms Tavern",""
"448397","Clinton","Watkins","D","Armed and Hammered","Co-Captain","The Whelan",""
"200994","Dustin","Weaver","B","We're Sexy and We Throw It","","Pool Turtle",""
"415424","Matt","Weaver","C","Off in the Woods","","Midway Pub",""
"415460","Caleb","Weir","A","Paul Dart Mall Cop","","Black Bear Tavern",""
"415464","Gavin","Williams","A","Paul Dart Mall Cop","","Black Bear Tavern",""
"428317","Tom","Williams","D","Flight Club","","Midway Pub",""
"454668","zz Alternate","zz","D","Armed and Hammered","","The Whelan",""
"416492","zz Alternate","zz","D","Castleberry Hill Dart Club","","The Whelan",""
"416571","zz Alternate","zz","D","Dart Attacks","","Trackside Tavern",""
"416579","zz Alternate","zz","C","Dart Bags","","Big Game",""
"416581","zz Alternate","zz","B","Darty Birds","","Brewhouse",""
"416586","zz Alternate","zz","A","Darty Rotten Scoundrels","","Pool Turtle",""
"416575","zz Alternate","zz","B","Dirty Darters","","Milltown Arms Tavern",""
"473887","zz Alternate","zz","B","Dissa Pointers","","The Independent",""
"514356","zz Alternate","zz","C","Finer Points","","Pool Turtle",""
"465238","zz Alternate","zz","D","Flight Club","","Midway Pub",""
"416493","zz Alternate","zz","C","Gatitos de la Muerte","","Manny's Grant Park",""
"416577","zz Alternate","zz","B","Hug a Doug","","Milltown Arms Tavern",""
"416576","zz Alternate","zz","C","MBT20","","Manny's Grant Park",""
"416590","zz Alternate","zz","A","Menace II Sobriety","","The Independent",""
"496950","zz Alternate","zz","D","Napoleon BonaDarte","","Twain's",""
"416582","zz Alternate","zz","A","No Mas","","Twain's",""
"416494","zz Alternate","zz","C","Off in the Woods","","Midway Pub",""
"416585","zz Alternate","zz","A","Paul Dart Mall Cop","","Black Bear Tavern",""
"515255","zz Alternate","zz","D","Plan B","Co-Captain","Twain's",""
"416573","zz Alternate","zz","A","Projectile Dysfunction","","Big Game",""
"416584","zz Alternate","zz","A","The Drunken Phoenix","","Twain's",""
"496967","zz Alternate","zz","D","Throwing Shade","","Pool Turtle",""
"492013","zz Alternate","zz","D","Turtle Tantrum Dart Club","","Pool Turtle",""
"416574","zz Alternate","zz","D","UFO's","","Thinking Man Tavern",""
"416572","zz Alternate","zz","C","USS Big Hard","","Yacht Club",""
"416587","zz Alternate","zz","B","We're Sexy and We Throw It","","Pool Turtle",""
"417985","zz Alternate","zz","B","Yacht Dawgs","","Yacht Club",""
