adda_team_id,name,league,current_venue
2,Yacht Dawgs,ADDA,Yacht Club
47,Off in the Woods,ADDA,Midway Pub
48,Hug a Doug,ADDA,Milltown Arms Tavern
81,Flight Club,ADDA,Midway Pub
87,Treble Makers,ADDA,Twain's
99,Darty Rotten Scoundrels,ADDA,Pool Turtle
105,Brewhouse Bull Masters,ADDA,Brewhouse
129,Just The Tip,ADDACL,Midway Pub
166,Tempo Martelo,ADDACL,Milltown Arms Tavern
177,Projectile Dysfunction,ADDA,Twain's Brewpub & Billiards
183,We've Already Won,ADDACL,Yacht Club
190,Gatitos de la Muerte,ADDA,Manny's Grant Park
196,UFO's,ADDA,Thinking Man Tavern
209,Dart Attacks,ADDA,Trackside Tavern
222,Darty Sanchez,ADDA,Twain's
228,We're Sexy and We Throw It,ADDA,Pool Turtle
233,No Bulls Hit,ADDACL,Manny's Grant Park
236,Recovering Catholics,ADDACL,Yacht Club
240,The Drunken Phoenix,ADDA,Twain's Brewpub & Billiards
241,Paul Dart Mall Cop,ADDA,Black Bear Tavern
243,Menace II Sobriety,ADDA,The Independent
245,Needledicks,ADDA,Black Bear Tavern
246,Castleberry Hill Dart Club,ADDA,The Whelan
252,"Oh, High Mark",ADDACL,Manny's Grant Park
258,ATLiens,ADDACL,The Independent
266,USS Big Hard,ADDA,Yacht Club
275,Darty Birds,ADDA,The Brewhouse Cafe
276,No Mas,ADDA,Twain's
277,Dart Bags,ADDA,Little 5 Pub
280,Chute Whale,ADDACL,The Independent
282,MBT20,ADDA,Manny's Grant Park
283,Inner Voice,ADDA,Thinking Man Tavern
286,Snake Nation,ADDACL,The Whelan
288,Don't Break My Dart,ADDACL,Twain's
289,Dirty Darters,ADDA,Milltown Arms Tavern
291,Dart Me Daddy,ADDACL,Milltown Arms Tavern
292,College of Dart and Resign,ADDACL,Brewhouse
301,Armed and Hammered,ADDA,The Whelan
302,'Bout to Bust,ADDA,The Independent
303,Take Flight,ADDACL,Milltown Arms Tavern
305,Artful Darters,ADDACL,Twain's
306,Andrew and Shelby,ADDACL,The Whelan
307,Thrown Together,ADDACL,Yacht Club
308,Stupid Triple 1,ADDACL,Bench Warmers
310,Throwing Shade,ADDA,Pool Turtle
311,Napoleon BonaDarte,ADDA,Twain's Brewpub & Billiards
312,Turtle Tantrum Dart Club,ADDA,Pool Turtle
313,"No Skill, Just Luck",ADDACL,Pool Turtle
314,Plan B,ADDA,Twain's Brewpub & Billiards
315,Two Tossers,ADDACL,Manny's Grant Park
316,Finer Points,ADDA,Pool Turtle
317,Basically Unknowable,ADDACL,Pool Turtle
318,Dart Divas,ADDACL,Manny's Grant Park
319,DILLIGAF,ADDA,Midway Pub
320,Who Darted?,ADDA,Thinking Man Tavern
321,Old Darty Bastards,ADDA,Public House 28
322,Dartsiders,ADDA,Public House 28
323,A-P-D,ADDACL,The Whelan
324,Bless Your Dart,ADDACL,Pool Turtle
325,Dartocracy of the Oche,ADDACL,Pool Turtle
326,Flight Risk,ADDACL,Pool Turtle
328,She’s just here for the beer,ADDACL,Twain's Brewpub & Billiards
