adda_team_id,league,season_num,dc_season_id,dc_team,division,dc_season_team_id,match_method,status,note,as_of
105,ADDA,57,11383,Brewhouse Bull Masters,A,,name,resolved,,2026-10-01
246,ADDA,57,11383,Castleberry Hill Dart Club,C,,name,resolved,,2026-10-01
209,ADDA,57,11383,Dart Attacks,D,,name,resolved,,2026-10-01
277,ADDA,57,11383,Dart Bags,B,,name,resolved,,2026-10-01
275,ADDA,57,11383,Darty Birds,B,,name,resolved,,2026-10-01
99,ADDA,57,11383,Darty Rotten Scoundrels,A,,name,resolved,,2026-10-01
222,ADDA,57,11383,Darty Sanchez,A,,name,resolved,,2026-10-01
289,ADDA,57,11383,Dirty Darters,C,,name,resolved,,2026-10-01
190,ADDA,57,11383,Gatitos de la Muerte,D,,name,resolved,,2026-10-01
283,ADDA,57,11383,Inner Voice,B,,name,resolved,,2026-10-01
282,ADDA,57,11383,MBT20,C,,name,resolved,,2026-10-01
243,ADDA,57,11383,Menace II Sobriety,A,,name,resolved,,2026-10-01
245,ADDA,57,11383,Needledicks,C,,name,resolved,,2026-10-01
276,ADDA,57,11383,No Mas,B,,name,resolved,,2026-10-01
47,ADDA,57,11383,Off in the Woods,C,,name,resolved,,2026-10-01
241,ADDA,57,11383,Paul Dart Mall Cop,A,,name,resolved,,2026-10-01
48,ADDA,57,11383,"Poker, We Don't Know Her",C,,name,resolved,,2026-10-01
177,ADDA,57,11383,Projectile Dysfunction,D,,name,resolved,,2026-10-01
240,ADDA,57,11383,The Drunken Phoenix,B,,name,resolved,,2026-10-01
196,ADDA,57,11383,UFO's,D,,name,resolved,,2026-10-01
266,ADDA,57,11383,USS Big Hard,D,,name,resolved,,2026-10-01
228,ADDA,57,11383,We're Sexy and We Throw It,A,,name,resolved,,2026-10-01
2,ADDA,57,11383,Yacht Dawgs,B,,name,resolved,,2026-10-01
105,ADDA,58,12862,Brewhouse Bull Masters,A,,name,resolved,,2026-10-01
246,ADDA,58,12862,Castleberry Hill Dart Club,D,,name,resolved,,2026-10-01
209,ADDA,58,12862,Dart Attacks,D,,name,resolved,,2026-10-01
277,ADDA,58,12862,Dart Bags,C,,name,resolved,,2026-10-01
275,ADDA,58,12862,Darty Birds,C,,name,resolved,,2026-10-01
99,ADDA,58,12862,Darty Rotten Scoundrels,B,,name,resolved,,2026-10-01
289,ADDA,58,12862,Dirty Darters,B,,name,resolved,,2026-10-01
81,ADDA,58,12862,Flight Club,D,,name,resolved,,2026-10-01
190,ADDA,58,12862,Gatitos de la Muerte,D,,name,resolved,,2026-10-01
283,ADDA,58,12862,Inner Voice,B,,name,resolved,,2026-10-01
282,ADDA,58,12862,MBT20,C,,name,resolved,,2026-10-01
243,ADDA,58,12862,Menace II Sobriety,A,,name,resolved,,2026-10-01
245,ADDA,58,12862,Needledicks,D,,name,resolved,,2026-10-01
276,ADDA,58,12862,No Mas,A,,name,resolved,,2026-10-01
47,ADDA,58,12862,Off in the Woods,C,,name,resolved,,2026-10-01
241,ADDA,58,12862,Paul Dart Mall Cop,A,,name,resolved,,2026-10-01
48,ADDA,58,12862,"Poker, We Don't Know Her",B,,name,resolved,,2026-10-01
177,ADDA,58,12862,Projectile Dysfunction,C,,name,resolved,,2026-10-01
240,ADDA,58,12862,The Drunken Phoenix,B,,name,resolved,,2026-10-01
196,ADDA,58,12862,UFO's,C,,name,resolved,,2026-10-01
266,ADDA,58,12862,USS Big Hard,D,,name,resolved,,2026-10-01
228,ADDA,58,12862,We're Sexy and We Throw It,A,,name,resolved,,2026-10-01
2,ADDA,58,12862,Yacht Dawgs,B,,name,resolved,,2026-10-01
301,ADDA,59,14955,Armed and Hammered,D,,name,resolved,,2026-10-01
246,ADDA,59,14955,Castleberry Hill Dart Club,D,,name,resolved,,2026-10-01
209,ADDA,59,14955,Dart Attacks,D,,name,resolved,,2026-10-01
277,ADDA,59,14955,Dart Bags,D,,name,resolved,,2026-10-01
275,ADDA,59,14955,Darty Birds,B,,name,resolved,,2026-10-01
99,ADDA,59,14955,Darty Rotten Scoundrels,A,,name,resolved,,2026-10-01
289,ADDA,59,14955,Dirty Darters,B,,name,resolved,,2026-10-01
302,ADDA,59,14955,Dissa Pointers,C,,name,resolved,,2026-10-01
81,ADDA,59,14955,Flight Club,D,,name,resolved,,2026-10-01
190,ADDA,59,14955,Gatitos de la Muerte,C,,name,resolved,,2026-10-01
283,ADDA,59,14955,Inner Voice,C,,name,resolved,,2026-10-01
282,ADDA,59,14955,MBT20,C,,name,resolved,,2026-10-01
243,ADDA,59,14955,Menace II Sobriety,A,,name,resolved,,2026-10-01
245,ADDA,59,14955,Needledicks,D,,name,resolved,,2026-10-01
276,ADDA,59,14955,No Mas,A,,name,resolved,,2026-10-01
47,ADDA,59,14955,Off in the Woods,C,,name,resolved,,2026-10-01
241,ADDA,59,14955,Paul Dart Mall Cop,A,,name,resolved,,2026-10-01
48,ADDA,59,14955,"Poker, We Don't Know Her",B,,name,resolved,,2026-10-01
177,ADDA,59,14955,Projectile Dysfunction,B,,name,resolved,,2026-10-01
240,ADDA,59,14955,The Drunken Phoenix,B,,name,resolved,,2026-10-01
87,ADDA,59,14955,Treble Makers,A,,name,resolved,,2026-10-01
196,ADDA,59,14955,UFO's,D,,name,resolved,,2026-10-01
266,ADDA,59,14955,USS Big Hard,C,,name,resolved,,2026-10-01
228,ADDA,59,14955,We're Sexy and We Throw It,A,,name,resolved,,2026-10-01
2,ADDA,59,14955,Yacht Dawgs,B,,name,resolved,,2026-10-01
301,ADDA,60,16532,Armed and Hammered,D,,name,resolved,,2026-10-01
246,ADDA,60,16532,Castleberry Hill Dart Club,C,,name,resolved,,2026-10-01
209,ADDA,60,16532,Dart Attacks,D,,name,resolved,,2026-10-01
277,ADDA,60,16532,Dart Bags,D,,name,resolved,,2026-10-01
275,ADDA,60,16532,Darty Birds,B,,name,resolved,,2026-10-01
99,ADDA,60,16532,Darty Rotten Scoundrels,A,,name,resolved,,2026-10-01
289,ADDA,60,16532,Dirty Darters,B,,name,resolved,,2026-10-01
302,ADDA,60,16532,Dissa Pointers,B,,name,resolved,,2026-10-01
190,ADDA,60,16532,Gatitos de la Muerte,C,,name,resolved,,2026-10-01
283,ADDA,60,16532,Inner Voice,C,,name,resolved,,2026-10-01
282,ADDA,60,16532,MBT20,D,,name,resolved,,2026-10-01
243,ADDA,60,16532,Menace II Sobriety,A,,name,resolved,,2026-10-01
245,ADDA,60,16532,Needledicks,D,,name,resolved,,2026-10-01
276,ADDA,60,16532,No Mas,A,,name,resolved,,2026-10-01
47,ADDA,60,16532,Off in the Woods,C,,name,resolved,,2026-10-01
241,ADDA,60,16532,Paul Dart Mall Cop,A,,name,resolved,,2026-10-01
48,ADDA,60,16532,"Poker, We Don't Know Her",C,,name,resolved,,2026-10-01
177,ADDA,60,16532,Projectile Dysfunction,B,,name,resolved,,2026-10-01
240,ADDA,60,16532,The Drunken Phoenix,B,,name,resolved,,2026-10-01
87,ADDA,60,16532,Treble Makers,A,,name,resolved,,2026-10-01
196,ADDA,60,16532,UFO's,D,,name,resolved,,2026-10-01
266,ADDA,60,16532,USS Big Hard,C,,name,resolved,,2026-10-01
228,ADDA,60,16532,We're Sexy and We Throw It,B,,name,resolved,,2026-10-01
2,ADDA,60,16532,Yacht Dawgs,A,,name,resolved,,2026-10-01
301,ADDA,61,18259,Armed and Hammered,E,,name,resolved,,2026-10-01
246,ADDA,61,18259,Castleberry Hill Dart Club,D,,name,resolved,,2026-10-01
209,ADDA,61,18259,Dart Attacks,E,,name,resolved,,2026-10-01
277,ADDA,61,18259,Dart Bags,D,,name,resolved,,2026-10-01
312,ADDA,61,18259,Dart Side of the Moon,E,,name,resolved,,2026-10-01
275,ADDA,61,18259,Darty Birds,B,,name,resolved,,2026-10-01
99,ADDA,61,18259,Darty Rotten Scoundrels,A,,name,resolved,,2026-10-01
289,ADDA,61,18259,Dirty Darters,B,,name,resolved,,2026-10-01
302,ADDA,61,18259,Dissa Pointers,C,,name,resolved,,2026-10-01
81,ADDA,61,18259,Flight Club,D,,name,resolved,,2026-10-01
190,ADDA,61,18259,Gatitos de la Muerte,C,,name,resolved,,2026-10-01
48,ADDA,61,18259,Hug a Doug,B,,name,resolved,,2026-10-01
283,ADDA,61,18259,Inner Voice,C,,name,resolved,,2026-10-01
282,ADDA,61,18259,MBT20,C,,name,resolved,,2026-10-01
243,ADDA,61,18259,Menace II Sobriety,A,,name,resolved,,2026-10-01
311,ADDA,61,18259,Napoleon BonaDarte,E,,name,resolved,,2026-10-01
245,ADDA,61,18259,Needledicks,D,,name,resolved,,2026-10-01
276,ADDA,61,18259,No Mas,A,,name,resolved,,2026-10-01
47,ADDA,61,18259,Off in the Woods,C,,name,resolved,,2026-10-01
241,ADDA,61,18259,Paul Dart Mall Cop,A,,name,resolved,,2026-10-01
177,ADDA,61,18259,Projectile Dysfunction,B,,name,resolved,,2026-10-01
240,ADDA,61,18259,The Drunken Phoenix,A,,name,resolved,,2026-10-01
310,ADDA,61,18259,Throwing Shade,E,,name,resolved,,2026-10-01
87,ADDA,61,18259,Treble Makers,A,,name,resolved,,2026-10-01
196,ADDA,61,18259,UFO's,D,,name,resolved,,2026-10-01
266,ADDA,61,18259,USS Big Hard,C,,name,resolved,,2026-10-01
228,ADDA,61,18259,We're Sexy and We Throw It,B,,name,resolved,,2026-10-01
2,ADDA,61,18259,Yacht Dawgs,B,,name,resolved,,2026-10-01
301,ADDA,62,20554,Armed and Hammered,D,314545,name,resolved,,2026-10-01
246,ADDA,62,20554,Castleberry Hill Dart Club,D,314524,name,resolved,,2026-10-01
209,ADDA,62,20554,Dart Attacks,D,314539,name,resolved,,2026-10-01
277,ADDA,62,20554,Dart Bags,C,314506,name,resolved,,2026-10-01
275,ADDA,62,20554,Darty Birds,B,314500,name,resolved,,2026-10-01
99,ADDA,62,20554,Darty Rotten Scoundrels,A,314488,name,resolved,,2026-10-01
289,ADDA,62,20554,Dirty Darters,B,314521,name,resolved,,2026-10-01
302,ADDA,62,20554,Dissa Pointers,B,314548,name,resolved,,2026-10-01
316,ADDA,62,20554,Finer Points,C,331429,name,resolved,,2026-10-01
81,ADDA,62,20554,Flight Club,D,314542,name,resolved,,2026-10-01
190,ADDA,62,20554,Gatitos de la Muerte,C,314527,name,resolved,,2026-10-01
48,ADDA,62,20554,Hug a Doug,B,314515,name,resolved,,2026-10-01
282,ADDA,62,20554,MBT20,C,314518,name,resolved,,2026-10-01
243,ADDA,62,20554,Menace II Sobriety,A,314473,name,resolved,,2026-10-01
311,ADDA,62,20554,Napoleon BonaDarte,D,314554,name,resolved,,2026-10-01
276,ADDA,62,20554,No Mas,A,314497,name,resolved,,2026-10-01
47,ADDA,62,20554,Off in the Woods,C,314512,name,resolved,,2026-10-01
241,ADDA,62,20554,Paul Dart Mall Cop,A,314491,name,resolved,,2026-10-01
314,ADDA,62,20554,Plan B,D,317263,name,resolved,,2026-10-01
177,ADDA,62,20554,Projectile Dysfunction,A,314533,name,resolved,,2026-10-01
240,ADDA,62,20554,The Drunken Phoenix,A,314482,name,resolved,,2026-10-01
310,ADDA,62,20554,Throwing Shade,D,314551,name,resolved,,2026-10-01
312,ADDA,62,20554,Turtle Tantrum Dart Club,D,314557,name,resolved,,2026-10-01
196,ADDA,62,20554,UFO's,D,314530,name,resolved,,2026-10-01
266,ADDA,62,20554,USS Big Hard,C,314536,name,resolved,,2026-10-01
228,ADDA,62,20554,We're Sexy and We Throw It,B,314485,name,resolved,,2026-10-01
2,ADDA,62,20554,Yacht Dawgs,B,314494,name,resolved,,2026-10-01
301,ADDA,63,22819,Armed and Hammered,D,353242,name,resolved,,2026-10-01
246,ADDA,63,22819,Castleberry Hill Dart Club,D,353221,name,resolved,,2026-10-01
209,ADDA,63,22819,Dart Attacks,E,353236,name,resolved,,2026-10-01
277,ADDA,63,22819,Dart Bags,D,353203,name,resolved,,2026-10-01
322,ADDA,63,22819,Dartsiders,E,354904,name,resolved,,2026-10-01
275,ADDA,63,22819,Darty Birds,B,353197,name,resolved,,2026-10-01
99,ADDA,63,22819,Darty Rotten Scoundrels,A,353185,name,resolved,,2026-10-01
319,ADDA,63,22819,DILLIGAF,B,353377,name,resolved,,2026-10-01
289,ADDA,63,22819,Dirty Darters,B,353218,name,resolved,,2026-10-01
302,ADDA,63,22819,Dissa Pointers,B,353245,name,resolved,,2026-10-01
316,ADDA,63,22819,Finer Points,B,353260,name,resolved,,2026-10-01
190,ADDA,63,22819,Gatitos de la Muerte,C,353224,name,resolved,,2026-10-01
48,ADDA,63,22819,Hug a Doug,C,353212,name,resolved,,2026-10-01
282,ADDA,63,22819,MBT20,C,353215,name,resolved,,2026-10-01
243,ADDA,63,22819,Menace II Sobriety,A,353170,name,resolved,,2026-10-01
311,ADDA,63,22819,Napoleon BonaDarte,D,353251,name,resolved,,2026-10-01
245,ADDA,63,22819,Needledicks,D,353206,name,resolved,,2026-10-01
321,ADDA,63,22819,Old Darty Bastards,E,354907,name,resolved,,2026-10-01
241,ADDA,63,22819,Paul Dart Mall Cop,A,353188,name,resolved,,2026-10-01
314,ADDA,63,22819,Plan B,E,353257,name,resolved,,2026-10-01
177,ADDA,63,22819,Projectile Dysfunction,A,353230,name,resolved,,2026-10-01
240,ADDA,63,22819,The Drunken Phoenix,A,353179,name,resolved,,2026-10-01
310,ADDA,63,22819,Throwing Shade,C,353248,name,resolved,,2026-10-01
312,ADDA,63,22819,Turtle Tantrum Dart Club,D,353254,name,resolved,,2026-10-01
196,ADDA,63,22819,UFO's,C,353227,name,resolved,,2026-10-01
266,ADDA,63,22819,USS Big Hard,C,353233,name,resolved,,2026-10-01
228,ADDA,63,22819,We're Sexy and We Throw It,A,353182,name,resolved,,2026-10-01
320,ADDA,63,22819,Who Darted?,E,354769,name,resolved,,2026-10-01
2,ADDA,63,22819,Yacht Dawgs,B,353191,name,resolved,,2026-10-01
302,ADDA,64,24577,'Bout to Bust,B,383293,name,resolved,,2026-10-01
301,ADDA,64,24577,Armed and Hammered,E,383290,name,resolved,,2026-10-01
246,ADDA,64,24577,Castleberry Hill Dart Club,D,383269,name,resolved,,2026-10-01
209,ADDA,64,24577,Dart Attacks,E,383284,name,resolved,,2026-10-01
277,ADDA,64,24577,Dart Bags,D,383251,name,resolved,,2026-10-01
322,ADDA,64,24577,Dartsiders,E,383317,name,resolved,,2026-10-01
275,ADDA,64,24577,Darty Birds,B,383245,name,resolved,,2026-10-01
99,ADDA,64,24577,Darty Rotten Scoundrels,A,383233,name,resolved,,2026-10-01
289,ADDA,64,24577,Dirty Darters,B,383266,name,resolved,,2026-10-01
316,ADDA,64,24577,Finer Points,A,383308,name,resolved,,2026-10-01
81,ADDA,64,24577,Flight Club,D,383287,name,resolved,,2026-10-01
190,ADDA,64,24577,Gatitos de la Muerte,C,383272,name,resolved,,2026-10-01
48,ADDA,64,24577,Hug a Doug,D,383260,name,resolved,,2026-10-01
282,ADDA,64,24577,MBT20,C,383263,name,resolved,,2026-10-01
243,ADDA,64,24577,Menace II Sobriety,A,383218,name,resolved,,2026-10-01
311,ADDA,64,24577,Napoleon BonaDarte,C,383299,name,resolved,,2026-10-01
245,ADDA,64,24577,Needledicks,D,383254,name,resolved,,2026-10-01
47,ADDA,64,24577,Off in the Woods,C,383257,name,resolved,,2026-10-01
321,ADDA,64,24577,Old Darty Bastards,D,383320,name,resolved,,2026-10-01
241,ADDA,64,24577,Paul Dart Mall Cop,A,383236,name,resolved,,2026-10-01
314,ADDA,64,24577,Plan B,E,383305,name,resolved,,2026-10-01
177,ADDA,64,24577,Projectile Dysfunction,B,383278,name,resolved,,2026-10-01
240,ADDA,64,24577,The Drunken Phoenix,A,383227,name,resolved,,2026-10-01
310,ADDA,64,24577,Throwing Shade,B,383296,name,resolved,,2026-10-01
312,ADDA,64,24577,Turtle Tantrum Dart Club,E,383302,name,resolved,,2026-10-01
196,ADDA,64,24577,UFO's,C,383275,name,resolved,,2026-10-01
266,ADDA,64,24577,USS Big Hard,C,383281,name,resolved,,2026-10-01
228,ADDA,64,24577,We're Sexy and We Throw It,A,383230,name,resolved,,2026-10-01
320,ADDA,64,24577,Who Darted?,E,383314,name,resolved,,2026-10-01
2,ADDA,64,24577,Yacht Dawgs,B,383239,name,resolved,,2026-10-01
305,ADDACL,23,12232,Artful Darters,Coed,,name,resolved,,2026-10-01
258,ADDACL,23,12232,ATLiens,Coed,,name,resolved,,2026-10-01
280,ADDACL,23,12232,Chute Whale,Coed,,name,resolved,,2026-10-01
292,ADDACL,23,12232,College of Dart and Resign,Coed,,name,resolved,,2026-10-01
291,ADDACL,23,12232,Dart Me Daddy,Coed,,name,resolved,,2026-10-01
288,ADDACL,23,12232,Don't Break My Dart,Coed,,name,resolved,,2026-10-01
129,ADDACL,23,12232,Just The Tip,Coed,,name,resolved,,2026-10-01
233,ADDACL,23,12232,No Bulls Hit,Coed,,name,resolved,,2026-10-01
252,ADDACL,23,12232,"Oh, High Mark",Coed,,name,resolved,,2026-10-01
236,ADDACL,23,12232,Recovering Catholics,Coed,,name,resolved,,2026-10-01
286,ADDACL,23,12232,Snake Nation,Coed,,name,resolved,,2026-10-01
303,ADDACL,23,12232,Take Flight,Coed,,name,resolved,,2026-10-01
183,ADDACL,23,12232,We've Already Won,Coed,,name,resolved,,2026-10-01
306,ADDACL,24,15330,Andrew and Shelby,Coed,,name,resolved,,2026-10-01
305,ADDACL,24,15330,Artful Darters,Coed,,name,resolved,,2026-10-01
258,ADDACL,24,15330,ATLiens,Coed,,name,resolved,,2026-10-01
280,ADDACL,24,15330,Chute Whale,Coed,,name,resolved,,2026-10-01
292,ADDACL,24,15330,College of Dart and Resign,Coed,,name,resolved,,2026-10-01
288,ADDACL,24,15330,Don't Break My Dart,Coed,,name,resolved,,2026-10-01
233,ADDACL,24,15330,No Bulls Hit,Coed,,name,resolved,,2026-10-01
236,ADDACL,24,15330,Recovering Catholics,Coed,,name,resolved,,2026-10-01
308,ADDACL,24,15330,Stupid Triple 1,Coed,,name,resolved,,2026-10-01
166,ADDACL,24,15330,Tempo Martelo,Coed,,name,resolved,,2026-10-01
307,ADDACL,24,15330,Thrown Together,Coed,,name,resolved,,2026-10-01
183,ADDACL,24,15330,We've Already Won,Coed,,name,resolved,,2026-10-01
305,ADDACL,25,18043,Artful Darters,Coed,,name,resolved,,2026-10-01
258,ADDACL,25,18043,ATLiens,Coed,,name,resolved,,2026-10-01
280,ADDACL,25,18043,Chute Whale,Coed,,name,resolved,,2026-10-01
288,ADDACL,25,18043,Don't Break My Dart,Coed,,name,resolved,,2026-10-01
233,ADDACL,25,18043,No Bulls Hit,Coed,,name,resolved,,2026-10-01
313,ADDACL,25,18043,"No Skill, Just Luck",Coed,,name,resolved,,2026-10-01
236,ADDACL,25,18043,Recovering Catholics,Coed,,name,resolved,,2026-10-01
286,ADDACL,25,18043,Snake Nation,Coed,,name,resolved,,2026-10-01
308,ADDACL,25,18043,Stupid Triple 1,Coed,,name,resolved,,2026-10-01
166,ADDACL,25,18043,Tempo Martelo,Coed,,name,resolved,,2026-10-01
307,ADDACL,25,18043,Thrown Together,Coed,,name,resolved,,2026-10-01
183,ADDACL,25,18043,We've Already Won,Coed,,name,resolved,,2026-10-01
258,ADDACL,26,21067,ATLiens,Coed,325492,name,resolved,,2026-10-01
317,ADDACL,26,21067,Basically Unknowable,Coed,331690,name,resolved,,2026-10-01
280,ADDACL,26,21067,Chute Whale,Coed,325489,name,resolved,,2026-10-01
318,ADDACL,26,21067,Dart Divas,Coed,337471,name,resolved,,2026-10-01
233,ADDACL,26,21067,No Bulls Hit,Coed,325471,name,resolved,,2026-10-01
236,ADDACL,26,21067,Recovering Catholics,Coed,325498,name,resolved,,2026-10-01
286,ADDACL,26,21067,Snake Nation,Coed,325465,name,resolved,,2026-10-01
308,ADDACL,26,21067,Stupid Triple 1,Coed,325513,name,resolved,,2026-10-01
307,ADDACL,26,21067,Thrown Together,Coed,325519,name,resolved,,2026-10-01
315,ADDACL,26,21067,Two Tossers,Coed,325558,name,resolved,,2026-10-01
183,ADDACL,26,21067,We've Already Won,Coed,325495,name,resolved,,2026-10-01
323,ADDACL,27,24205,A-P-D,Coed,372106,name,resolved,,2026-10-01
258,ADDACL,27,24205,ATLiens,Coed,372028,name,resolved,,2026-10-01
324,ADDACL,27,24205,Bless Your Dart,Coed,372109,name,resolved,,2026-10-01
280,ADDACL,27,24205,Chute Whale,Coed,372025,name,resolved,,2026-10-01
325,ADDACL,27,24205,Dartocracy of the Oche,Coed,372112,name,resolved,,2026-10-01
326,ADDACL,27,24205,Flight Risk,Coed,372115,name,resolved,,2026-10-01
233,ADDACL,27,24205,No Bulls Hit,Coed,372019,name,resolved,,2026-10-01
236,ADDACL,27,24205,Recovering Catholics,Coed,372034,name,resolved,,2026-10-01
328,ADDACL,27,24205,She’s just here for the beer,Coed,373996,name,resolved,,2026-10-01
286,ADDACL,27,24205,Snake Nation,Coed,372013,name,resolved,,2026-10-01
308,ADDACL,27,24205,Stupid Triple 1,Coed,372043,name,resolved,,2026-10-01
307,ADDACL,27,24205,Thrown Together,Coed,372046,name,resolved,,2026-10-01
